timestamp,train_no,station_code,direction,delay_min,congestion,delay_cause
2026-06-25 14:37:24,4412M,0106,0,0,0,大雨
2026-06-25 14:37:24,1596M,0122,0,0,0,大雨
2026-06-25 14:37:24,867M,0124,1,16,0,大雨
2026-06-25 14:37:24,866M,0124,0,23,10,大雨
2026-06-25 14:37:24,1598M,0133,0,16,0,大雨
2026-06-25 14:37:24,302M,0137,0,0,0,大雨
2026-06-25 14:37:24,348M,0111,0,46,0,大雨
2026-06-25 14:37:24,1588M,0113,0,61,0,大雨
2026-06-25 14:37:24,349M,0447,1,30,0,大雨
2026-06-25 14:37:24,1590M,0114,0,31,0,大雨
2026-06-25 14:37:24,1594M,0115,0,0,0,大雨
2026-06-25 14:40:25,4412M,0106,0,0,0,大雨
2026-06-25 14:40:25,690M,0122,0,0,0,大雨
2026-06-25 14:40:25,1596M,0122,0,0,0,大雨
2026-06-25 14:40:25,866M,0123,0,22,8,大雨
2026-06-25 14:40:25,1598M,0132,0,16,0,大雨
2026-06-25 14:40:25,302M,0137,0,0,0,大雨
2026-06-25 14:40:25,348M,0111,0,46,0,大雨
2026-06-25 14:40:25,1588M,0113,0,61,0,大雨
2026-06-25 14:40:25,349M,0447,1,30,0,大雨
2026-06-25 14:40:25,1590M,0114,0,31,0,大雨
2026-06-25 14:40:25,1594M,0115,0,0,0,大雨
2026-06-25 14:45:24,4412M,0106,0,0,0,大雨
2026-06-25 14:45:24,869M,0122,1,0,0,大雨
2026-06-25 14:45:24,690M,0122,0,0,0,大雨
2026-06-25 14:45:24,1596M,0122,0,0,0,大雨
2026-06-25 14:45:24,1598M,0129,0,16,0,大雨
2026-06-25 14:45:24,302M,0137,0,0,0,大雨
2026-06-25 14:45:24,348M,0111,0,46,0,大雨
2026-06-25 14:45:24,1588M,0113,0,61,0,大雨
2026-06-25 14:45:24,349M,0447,1,30,0,大雨
2026-06-25 14:45:24,1590M,0114,0,31,0,大雨
2026-06-25 14:45:24,1594M,0115,0,0,0,大雨
2026-06-25 14:50:36,1596M,0119,0,4,0,大雨
2026-06-25 14:50:36,690M,0119,0,4,0,大雨
2026-06-25 14:50:36,869M,0123,1,6,0,大雨
2026-06-25 14:50:36,1598M,0129,0,16,0,大雨
2026-06-25 14:50:36,302M,0137,0,0,0,大雨
2026-06-25 14:50:36,4412M,0106,0,0,0,大雨
2026-06-25 14:50:36,348M,0111,0,46,0,大雨
2026-06-25 14:50:36,1588M,0113,0,61,0,大雨
2026-06-25 14:50:36,1590M,0114,0,31,0,大雨
2026-06-25 14:50:36,349M,0114,1,40,0,大雨
2026-06-25 14:50:36,1594M,0115,0,0,0,大雨
2026-06-25 14:55:19,1596M,0118,0,4,0,大雨
2026-06-25 14:55:19,690M,0119,0,4,0,大雨
2026-06-25 14:55:19,689M,0119,1,61,0,大雨
2026-06-25 14:55:19,1598M,0127,0,16,0,大雨
2026-06-25 14:55:19,302M,0137,0,0,0,大雨
2026-06-25 14:55:19,348M,0111,0,46,0,大雨
2026-06-25 14:55:19,1588M,0113,0,61,0,大雨
2026-06-25 14:55:19,1590M,0447,0,55,0,大雨
2026-06-25 14:55:19,349M,0114,1,40,0,大雨
2026-06-25 14:55:19,1594M,0114,0,19,0,大雨
2026-06-25 15:00:50,689M,0119,1,61,0,大雨
2026-06-25 15:00:50,868M,0123,0,14,0,大雨
2026-06-25 15:00:50,1598M,0126,0,10,0,大雨
2026-06-25 15:00:50,302M,0137,0,0,0,大雨
2026-06-25 15:00:50,348M,0111,0,46,0,大雨
2026-06-25 15:00:50,1588M,0113,0,61,0,大雨
2026-06-25 15:00:50,1590M,0447,0,55,0,大雨
2026-06-25 15:00:50,1594M,0114,0,19,0,大雨
2026-06-25 15:00:50,349M,0116,1,39,0,大雨
2026-06-25 15:00:50,1596M,0116,0,3,0,大雨
2026-06-25 15:05:20,349M,0117,1,39,0,大雨
2026-06-25 15:05:20,684M,0122,0,0,0,大雨
2026-06-25 15:05:20,868M,0122,0,14,0,大雨
2026-06-25 15:05:20,1598M,0124,0,10,0,大雨
2026-06-25 15:05:20,302M,0137,0,0,0,大雨
2026-06-25 15:05:20,348M,0111,0,46,0,大雨
2026-06-25 15:05:20,1588M,0113,0,61,0,大雨
2026-06-25 15:05:20,1590M,0447,0,55,0,大雨
2026-06-25 15:05:20,1594M,0114,0,20,0,大雨
2026-06-25 15:05:20,1596M,0115,0,4,0,大雨
2026-06-25 15:10:23,349M,0119,1,39,0,大雨
2026-06-25 15:10:23,684M,0122,0,0,0,大雨
2026-06-25 15:10:23,1598M,0123,0,10,0,大雨
2026-06-25 15:10:23,302M,0137,0,0,0,大雨
2026-06-25 15:10:23,348M,0111,0,46,0,大雨
2026-06-25 15:10:23,1590M,0113,0,61,0,大雨
2026-06-25 15:10:23,1588M,0113,0,61,0,大雨
2026-06-25 15:10:23,1594M,0114,0,20,0,大雨
2026-06-25 15:10:23,1596M,0115,0,4,0,大雨
2026-06-25 15:15:22,349M,0119,1,39,0,大雨
2026-06-25 15:15:22,1598M,0122,0,10,0,大雨
2026-06-25 15:15:22,302M,0137,0,0,0,大雨
2026-06-25 15:15:22,348M,0111,0,46,0,大雨
2026-06-25 15:15:22,1590M,0113,0,61,0,大雨
2026-06-25 15:15:22,1588M,0113,0,61,0,大雨
2026-06-25 15:15:22,1594M,0114,0,20,0,大雨
2026-06-25 15:15:22,1596M,0115,0,4,0,大雨
2026-06-25 15:20:24,1598M,0122,0,10,0,大雨
2026-06-25 15:20:24,349M,0123,1,34,0,大雨
2026-06-25 15:20:24,302M,0137,0,0,0,大雨
2026-06-25 15:20:24,348M,0111,0,46,0,大雨
2026-06-25 15:20:24,1595M,0113,1,0,0,大雨
2026-06-25 15:20:24,1588M,0113,0,61,0,大雨
2026-06-25 15:20:24,1594M,0114,0,20,0,大雨
2026-06-25 15:20:24,1596M,0115,0,4,0,大雨
2026-06-25 15:25:21,1598M,0119,0,16,0,大雨
2026-06-25 15:25:21,349M,0123,1,34,0,大雨
2026-06-25 15:25:21,302M,0137,0,0,0,大雨
2026-06-25 15:25:21,348M,0111,0,46,0,大雨
2026-06-25 15:25:21,1595M,0113,1,0,0,大雨
2026-06-25 15:25:21,1588M,0113,0,61,0,大雨
2026-06-25 15:25:21,1594M,0114,0,20,0,大雨
2026-06-25 15:25:21,1596M,0115,0,4,0,大雨
2026-06-25 15:30:36,1598M,0117,0,15,0,大雨
2026-06-25 15:30:36,349M,0124,1,37,0,大雨
2026-06-25 15:30:36,302M,0137,0,0,0,大雨
2026-06-25 15:30:36,348M,0111,0,46,0,大雨
2026-06-25 15:30:36,1588M,0112,0,61,0,大雨
2026-06-25 15:30:36,1595M,0113,1,0,0,大雨
2026-06-25 15:30:36,1594M,0114,0,20,0,大雨
2026-06-25 15:30:36,1596M,0115,0,4,0,大雨
2026-06-25 15:35:18,349M,0125,1,42,0,大雨
2026-06-25 15:35:18,302M,0137,0,0,0,大雨
2026-06-25 15:35:18,1597M,0111,1,0,0,大雨
2026-06-25 15:35:18,1588M,0112,0,61,0,大雨
2026-06-25 15:35:18,1595M,0447,1,61,0,大雨
2026-06-25 15:35:18,1594M,0447,0,46,0,大雨
2026-06-25 15:35:18,1596M,0114,0,29,0,大雨
2026-06-25 15:35:18,1598M,0116,0,15,0,大雨
2026-06-25 15:40:21,349M,0126,1,42,0,大雨
2026-06-25 15:40:21,302M,0137,0,0,0,大雨
2026-06-25 15:40:21,1597M,0111,1,0,0,大雨
2026-06-25 15:40:21,1588M,0112,0,61,0,大雨
2026-06-25 15:40:21,1595M,0447,1,61,0,大雨
2026-06-25 15:40:21,1594M,0447,0,46,0,大雨
2026-06-25 15:40:21,1596M,0114,0,29,0,大雨
2026-06-25 15:40:21,1598M,0115,0,16,0,大雨
2026-06-25 15:45:25,349M,0126,1,42,0,大雨
2026-06-25 15:45:25,302M,0137,0,0,0,大雨
2026-06-25 15:45:25,1597M,0111,1,0,0,大雨
2026-06-25 15:45:25,1588M,0112,0,61,0,大雨
2026-06-25 15:45:25,1595M,0447,1,61,0,大雨
2026-06-25 15:45:25,1594M,0447,0,46,0,大雨
2026-06-25 15:45:25,1596M,0114,0,31,0,大雨
2026-06-25 15:45:25,1598M,0115,0,16,0,大雨
2026-06-25 15:50:22,349M,0126,1,42,0,大雨
2026-06-25 15:50:22,302M,0137,0,0,0,大雨
2026-06-25 15:50:22,439M,0106,1,0,0,大雨
2026-06-25 15:50:22,1597M,0111,1,0,0,大雨
2026-06-25 15:50:22,1588M,0112,0,61,0,大雨
2026-06-25 15:50:22,1595M,0114,1,61,0,大雨
2026-06-25 15:50:22,1596M,0114,0,31,0,大雨
2026-06-25 15:50:22,1598M,0115,0,16,0,大雨
2026-06-25 15:55:18,349M,0127,1,42,0,大雨
2026-06-25 15:55:18,302M,0137,0,0,0,大雨
2026-06-25 15:55:18,1597M,0111,1,0,0,大雨
2026-06-25 15:55:18,1588M,0112,0,61,0,大雨
2026-06-25 15:55:18,1596M,0114,0,31,0,大雨
2026-06-25 15:55:18,1595M,0114,1,61,0,大雨
2026-06-25 15:55:18,1598M,0115,0,16,0,大雨
2026-06-25 15:55:18,439M,0107,1,45,0,大雨
2026-06-25 20:00:34,1503M,0111,1,0,0,大雨
2026-06-25 20:00:34,302M,0136,0,4,0,大雨
2026-06-25 20:05:18,302M,0134,0,6,0,大雨
2026-06-25 20:05:18,1500M,0137,0,0,0,大雨
2026-06-25 20:05:18,1503M,0111,1,0,0,大雨
2026-06-25 20:10:20,302M,0134,0,6,0,大雨
2026-06-25 20:10:20,1500M,0137,0,0,0,大雨
2026-06-25 20:10:20,1503M,0111,1,0,0,大雨
2026-06-25 20:15:20,302M,0134,0,14,0,大雨
2026-06-25 20:15:20,1500M,0137,0,0,0,大雨
2026-06-25 20:15:20,1503M,0111,1,0,0,大雨
2026-06-25 20:20:20,302M,0133,0,14,0,大雨
2026-06-25 20:20:20,1500M,0136,0,0,0,大雨
2026-06-25 20:20:20,1503M,0111,1,0,0,大雨
2026-06-25 20:25:16,402M,0106,0,0,0,大雨
2026-06-25 20:25:16,302M,0133,0,14,0,大雨
2026-06-25 20:25:16,1500M,0135,0,0,0,大雨
2026-06-25 20:25:16,1503M,0111,1,0,0,大雨
2026-06-25 20:30:28,402M,0106,0,0,0,大雨
2026-06-25 20:30:28,600M,0122,0,0,0,大雨
2026-06-25 20:30:28,302M,0132,0,23,0,大雨
2026-06-25 20:30:28,1500M,0134,0,3,0,大雨
2026-06-25 20:30:28,306M,0137,0,0,0,大雨
2026-06-25 20:30:28,1503M,0111,1,0,0,大雨
2026-06-25 20:35:19,402M,0106,0,0,0,大雨
2026-06-25 20:35:19,2731M,0122,1,0,0,大雨
2026-06-25 20:35:19,600M,0122,0,0,0,大雨
2026-06-25 20:35:19,302M,0132,0,23,0,大雨
2026-06-25 20:35:19,1500M,0134,0,3,0,大雨
2026-06-25 20:35:19,306M,0137,0,0,0,大雨
2026-06-25 20:35:19,1503M,0111,1,0,0,大雨
2026-06-25 20:40:22,402M,0106,0,0,0,大雨
2026-06-25 20:40:22,2731M,0122,1,0,0,大雨
2026-06-25 20:40:22,600M,0122,0,0,0,大雨
2026-06-25 20:40:22,302M,0132,0,23,0,大雨
2026-06-25 20:40:22,1500M,0133,0,11,0,大雨
2026-06-25 20:40:22,306M,0137,0,0,0,大雨
2026-06-25 20:40:22,1503M,0111,1,0,0,大雨
2026-06-25 20:45:22,600M,0119,0,0,0,大雨
2026-06-25 20:45:22,730M,0123,0,1,0,大雨
2026-06-25 20:45:22,2731M,0124,1,0,0,大雨
2026-06-25 20:45:22,302M,0129,0,32,0,大雨
2026-06-25 20:45:22,1500M,0133,0,11,0,大雨
2026-06-25 20:45:22,306M,0137,0,0,0,大雨
2026-06-25 20:45:22,1503M,0111,1,0,0,大雨
2026-06-25 20:50:21,600M,0118,0,0,0,大雨
2026-06-25 20:50:21,733M,0122,1,0,0,大雨
2026-06-25 20:50:21,730M,0123,0,1,0,大雨
2026-06-25 20:50:21,302M,0129,0,32,0,大雨
2026-06-25 20:50:21,1500M,0133,0,11,0,大雨
2026-06-25 20:50:21,306M,0137,0,0,0,大雨
2026-06-25 20:50:21,1501M,0111,1,0,0,大雨
2026-06-25 20:50:21,300M,0113,0,0,0,大雨
2026-06-25 20:55:17,601M,0119,1,12,0,大雨
2026-06-25 20:55:17,733M,0122,1,0,0,大雨
2026-06-25 20:55:17,730M,0122,0,5,0,大雨
2026-06-25 20:55:17,302M,0129,0,32,0,大雨
2026-06-25 20:55:17,1500M,0132,0,19,0,大雨
2026-06-25 20:55:17,306M,0137,0,0,0,大雨
2026-06-25 20:55:17,1501M,0111,1,0,0,大雨
2026-06-25 20:55:17,300M,0113,0,0,0,大雨
2026-06-25 21:00:39,601M,0119,1,12,0,大雨
2026-06-25 21:00:39,733M,0122,1,0,0,大雨
2026-06-25 21:00:39,2735M,0122,1,0,0,大雨
2026-06-25 21:00:39,302M,0129,0,32,0,大雨
2026-06-25 21:00:39,1500M,0132,0,19,0,大雨
2026-06-25 21:00:39,306M,0136,0,0,0,大雨
2026-06-25 21:00:39,1501M,0111,1,0,0,大雨
2026-06-25 21:00:39,300M,0113,0,0,0,大雨
2026-06-25 21:05:21,604M,0122,0,0,0,大雨
2026-06-25 21:05:21,2735M,0122,1,0,0,大雨
2026-06-25 21:05:21,733M,0123,1,8,0,大雨
2026-06-25 21:05:21,302M,0127,0,43,0,大雨
2026-06-25 21:05:21,1500M,0132,0,19,0,大雨
2026-06-25 21:05:21,306M,0135,0,0,0,大雨
2026-06-25 21:05:21,1501M,0111,1,0,0,大雨
2026-06-25 21:05:21,300M,0112,0,5,0,大雨
2026-06-25 21:10:22,737M,0122,1,0,0,大雨
2026-06-25 21:10:22,604M,0122,0,0,0,大雨
2026-06-25 21:10:22,2735M,0123,1,1,0,大雨
2026-06-25 21:10:22,732M,0123,0,0,0,大雨
2026-06-25 21:10:22,302M,0127,0,43,0,大雨
2026-06-25 21:10:22,1500M,0131,0,31,0,大雨
2026-06-25 21:10:22,306M,0135,0,0,0,大雨
2026-06-25 21:10:22,1501M,0111,1,0,0,大雨
2026-06-25 21:10:22,300M,0112,0,5,0,大雨
2026-06-25 21:15:22,1501M,0122,1,0,0,大雨
2026-06-25 21:15:22,737M,0122,1,0,0,大雨
2026-06-25 21:15:22,604M,0122,0,0,0,大雨
2026-06-25 21:15:22,2739M,0122,1,0,0,大雨
2026-06-25 21:15:22,302M,0126,0,49,0,大雨
2026-06-25 21:15:22,1500M,0129,0,31,0,大雨
2026-06-25 21:15:22,306M,0134,0,6,0,大雨
2026-06-25 21:15:22,300M,0112,0,13,0,大雨
2026-06-25 21:20:20,604M,0122,0,0,0,大雨
2026-06-25 21:20:20,2739M,0122,1,0,0,大雨
2026-06-25 21:20:20,737M,0123,1,4,0,大雨
2026-06-25 21:20:20,1501M,0123,1,25,0,大雨
2026-06-25 21:20:20,302M,0126,0,49,0,大雨
2026-06-25 21:20:20,1500M,0129,0,31,0,大雨
2026-06-25 21:20:20,306M,0134,0,6,0,大雨
2026-06-25 21:20:20,300M,0111,0,13,0,大雨
2026-06-25 21:25:21,604M,0122,0,0,0,大雨
2026-06-25 21:25:21,302M,0122,0,0,0,大雨
2026-06-25 21:25:21,2739M,0123,1,3,0,大雨
2026-06-25 21:25:21,1501M,0124,1,24,0,大雨
2026-06-25 21:25:21,737M,0124,1,5,0,大雨
2026-06-25 21:25:21,1500M,0129,0,31,0,大雨
2026-06-25 21:25:21,306M,0133,0,15,0,大雨
2026-06-25 21:25:21,1508M,0137,0,0,0,大雨
2026-06-25 21:25:21,300M,0111,0,13,0,大雨
2026-06-25 21:30:29,741M,0122,1,0,0,大雨
2026-06-25 21:30:29,604M,0122,0,0,0,大雨
2026-06-25 21:30:29,302M,0122,0,0,0,大雨
2026-06-25 21:30:29,2739M,0124,1,4,0,大雨
2026-06-25 21:30:29,2734M,0124,0,5,0,大雨
2026-06-25 21:30:29,1501M,0124,1,30,0,大雨
2026-06-25 21:30:29,1500M,0128,0,42,0,大雨
2026-06-25 21:30:29,306M,0133,0,15,0,大雨
2026-06-25 21:30:29,1508M,0136,0,0,0,大雨
2026-06-25 21:30:29,1505M,0111,1,0,0,大雨
2026-06-25 21:35:14,604M,0119,0,0,0,大雨
2026-06-25 21:35:14,302M,0122,0,41,0,大雨
2026-06-25 21:35:14,741M,0122,1,0,0,大雨
2026-06-25 21:35:14,2734M,0123,0,0,0,大雨
2026-06-25 21:35:14,1501M,0125,1,34,0,大雨
2026-06-25 21:35:14,1500M,0127,0,42,0,大雨
2026-06-25 21:35:14,306M,0133,0,15,0,大雨
2026-06-25 21:35:14,1508M,0135,0,0,0,大雨
2026-06-25 21:35:14,1505M,0111,1,0,0,大雨
2026-06-25 21:40:20,604M,0118,0,0,0,大雨
2026-06-25 21:40:20,302M,0119,0,41,0,大雨
2026-06-25 21:40:20,2743M,0122,1,0,0,大雨
2026-06-25 21:40:20,741M,0123,1,0,0,大雨
2026-06-25 21:40:20,1501M,0126,1,34,0,大雨
2026-06-25 21:40:20,1500M,0127,0,48,0,大雨
2026-06-25 21:40:20,306M,0132,0,23,0,大雨
2026-06-25 21:40:20,1508M,0134,0,3,0,大雨
2026-06-25 21:40:20,1505M,0111,1,0,0,大雨
2026-06-25 21:45:20,302M,0117,0,41,0,大雨
2026-06-25 21:45:20,2743M,0123,1,0,0,大雨
2026-06-25 21:45:20,736M,0123,0,1,0,大雨
2026-06-25 21:45:20,741M,0124,1,3,0,大雨
2026-06-25 21:45:20,1501M,0126,1,34,0,大雨
2026-06-25 21:45:20,1500M,0126,0,48,0,大雨
2026-06-25 21:45:20,306M,0132,0,23,0,大雨
2026-06-25 21:45:20,1508M,0134,0,3,0,大雨
2026-06-25 21:45:20,1505M,0111,1,16,0,大雨
2026-06-25 21:50:22,745M,0122,1,0,0,大雨
2026-06-25 21:50:22,613M,0122,1,0,0,大雨
2026-06-25 21:50:22,2743M,0124,1,0,0,大雨
2026-06-25 21:50:22,1501M,0126,1,34,0,大雨
2026-06-25 21:50:22,1500M,0126,0,48,0,大雨
2026-06-25 21:50:22,306M,0132,0,23,0,大雨
2026-06-25 21:50:22,1508M,0134,0,3,0,大雨
2026-06-25 21:50:22,1510M,0137,0,0,0,大雨
2026-06-25 21:50:22,1505M,0111,1,16,0,大雨
2026-06-25 21:50:22,302M,0116,0,41,0,大雨
2026-06-25 21:55:17,605M,0118,1,16,0,大雨
2026-06-25 21:55:17,1503M,0122,1,0,0,大雨
2026-06-25 21:55:17,745M,0122,1,0,0,大雨
2026-06-25 21:55:17,613M,0122,1,0,0,大雨
2026-06-25 21:55:17,1500M,0126,0,48,0,大雨
2026-06-25 21:55:17,1501M,0127,1,46,0,大雨
2026-06-25 21:55:17,306M,0129,0,26,0,大雨
2026-06-25 21:55:17,1508M,0133,0,14,0,大雨
2026-06-25 21:55:17,1510M,0137,0,0,0,大雨
2026-06-25 21:55:17,1507M,0111,1,0,0,大雨
2026-06-25 21:55:17,1505M,0112,1,23,0,大雨
2026-06-25 21:55:17,302M,0115,0,41,0,大雨
2026-06-25 22:00:34,404M,0106,0,0,0,大雨
2026-06-25 22:00:34,605M,0119,1,18,0,大雨
2026-06-25 22:00:34,1504M,0122,0,0,0,大雨
2026-06-25 22:00:34,745M,0123,1,4,0,大雨
2026-06-25 22:00:34,1503M,0123,1,16,0,大雨
2026-06-25 22:00:34,1500M,0124,0,61,0,大雨
2026-06-25 22:00:34,1501M,0127,1,46,0,大雨
2026-06-25 22:00:34,306M,0129,0,26,0,大雨
2026-06-25 22:00:34,1508M,0133,0,14,0,大雨
2026-06-25 22:00:34,1510M,0137,0,0,0,大雨
2026-06-25 22:00:34,1507M,0111,1,0,0,大雨
2026-06-25 22:00:34,1505M,0112,1,24,0,大雨
2026-06-25 22:00:34,302M,0114,0,43,0,大雨
2026-06-25 22:05:15,404M,0106,0,0,0,大雨
2026-06-25 22:05:15,1504M,0119,0,9,0,大雨
2026-06-25 22:05:15,605M,0119,1,18,0,大雨
2026-06-25 22:05:15,2738M,0123,0,1,0,大雨
2026-06-25 22:05:15,1500M,0124,0,61,0,大雨
2026-06-25 22:05:15,745M,0124,1,4,0,大雨
2026-06-25 22:05:15,1503M,0124,1,18,0,大雨
2026-06-25 22:05:15,1501M,0129,1,52,0,大雨
2026-06-25 22:05:15,306M,0129,0,26,0,大雨
2026-06-25 22:05:15,1508M,0133,0,14,0,大雨
2026-06-25 22:05:15,1510M,0136,0,1,0,大雨
2026-06-25 22:05:15,1507M,0111,1,0,0,大雨
2026-06-25 22:05:15,1505M,0113,1,24,0,大雨
2026-06-25 22:05:15,302M,0114,0,43,0,大雨
2026-06-25 22:10:19,404M,0106,0,0,0,大雨
2026-06-25 22:10:19,1504M,0118,0,9,0,大雨
2026-06-25 22:10:19,608M,0122,0,0,0,大雨
2026-06-25 22:10:19,2610M,0122,0,0,0,大雨
2026-06-25 22:10:19,1500M,0123,0,61,0,大雨
2026-06-25 22:10:19,1503M,0125,1,18,0,大雨
2026-06-25 22:10:19,1501M,0129,1,52,0,大雨
2026-06-25 22:10:19,306M,0129,0,26,0,大雨
2026-06-25 22:10:19,1508M,0132,0,26,0,大雨
2026-06-25 22:10:19,1510M,0136,0,1,0,大雨
2026-06-25 22:10:19,1507M,0111,1,22,0,大雨
2026-06-25 22:10:19,1505M,0447,1,33,0,大雨
2026-06-25 22:10:19,302M,0447,0,43,0,大雨
2026-06-25 22:15:23,608M,0122,0,0,0,大雨
2026-06-25 22:15:23,2610M,0122,0,0,0,大雨
2026-06-25 22:15:23,1500M,0122,0,61,0,大雨
2026-06-25 22:15:23,740M,0123,0,2,0,大雨
2026-06-25 22:15:23,1503M,0126,1,23,0,大雨
2026-06-25 22:15:23,306M,0127,0,38,0,大雨
2026-06-25 22:15:23,1501M,0129,1,52,0,大雨
2026-06-25 22:15:23,1508M,0132,0,26,0,大雨
2026-06-25 22:15:23,1510M,0134,0,4,0,大雨
2026-06-25 22:15:23,1507M,0111,1,22,0,大雨
2026-06-25 22:15:23,1505M,0447,1,33,0,大雨
2026-06-25 22:15:23,302M,0447,0,43,0,大雨
2026-06-25 22:15:23,1504M,0117,0,9,0,大雨
2026-06-25 22:20:20,608M,0122,0,0,0,大雨
2026-06-25 22:20:20,2610M,0122,0,0,0,大雨
2026-06-25 22:20:20,1500M,0122,0,61,0,大雨
2026-06-25 22:20:20,749M,0123,1,0,0,大雨
2026-06-25 22:20:20,2742M,0124,0,0,0,大雨
2026-06-25 22:20:20,1503M,0126,1,23,0,大雨
2026-06-25 22:20:20,306M,0127,0,38,0,大雨
2026-06-25 22:20:20,1501M,0129,1,52,0,大雨
2026-06-25 22:20:20,1508M,0132,0,26,0,大雨
2026-06-25 22:20:20,1510M,0134,0,4,0,大雨
2026-06-25 22:20:20,504M,0137,0,0,0,大雨
2026-06-25 22:20:20,1509M,0111,1,0,0,大雨
2026-06-25 22:20:20,1507M,0112,1,31,0,大雨
2026-06-25 22:20:20,1505M,0447,1,33,0,大雨
2026-06-25 22:20:20,302M,0447,0,43,0,大雨
2026-06-25 22:20:20,1504M,0115,0,9,0,大雨
2026-06-25 22:25:18,608M,0122,0,0,0,大雨
2026-06-25 22:25:18,2610M,0122,0,0,0,大雨
2026-06-25 22:25:18,2742M,0123,0,0,0,大雨
2026-06-25 22:25:18,749M,0124,1,0,0,大雨
2026-06-25 22:25:18,1503M,0126,1,23,0,大雨
2026-06-25 22:25:18,306M,0127,0,44,0,大雨
2026-06-25 22:25:18,1501M,0131,1,61,0,大雨
2026-06-25 22:25:18,1508M,0131,0,26,0,大雨
2026-06-25 22:25:18,1510M,0133,0,12,0,大雨
2026-06-25 22:25:18,504M,0137,0,0,0,大雨
2026-06-25 22:25:18,1509M,0111,1,0,0,大雨
2026-06-25 22:25:18,1507M,0112,1,32,0,大雨
2026-06-25 22:25:18,302M,0113,0,54,0,大雨
2026-06-25 22:25:18,1505M,0114,1,33,0,大雨
2026-06-25 22:25:18,1504M,0114,0,9,0,大雨
2026-06-25 22:30:25,608M,0122,0,30,0,大雨
2026-06-25 22:30:25,2751M,0122,1,0,0,大雨
2026-06-25 22:30:25,2610M,0122,0,0,0,大雨
2026-06-25 22:30:25,306M,0126,0,45,0,大雨
2026-06-25 22:30:25,1503M,0127,1,23,0,大雨
2026-06-25 22:30:25,1508M,0131,0,37,0,大雨
2026-06-25 22:30:25,1501M,0132,1,61,0,大雨
2026-06-25 22:30:25,1510M,0133,0,12,0,大雨
2026-06-25 22:30:25,504M,0136,0,0,0,大雨
2026-06-25 22:30:25,316M,0137,0,0,0,大雨
2026-06-25 22:30:25,1509M,0111,1,0,0,大雨
2026-06-25 22:30:25,1507M,0112,1,32,0,大雨
2026-06-25 22:30:25,302M,0112,0,53,0,大雨
2026-06-25 22:30:25,1504M,0114,0,9,0,大雨
2026-06-25 22:30:25,1505M,0114,1,46,0,大雨
2026-06-25 22:35:20,611M,0118,1,7,0,大雨
2026-06-25 22:35:20,608M,0119,0,30,0,大雨
2026-06-25 22:35:20,2610M,0119,0,23,0,大雨
2026-06-25 22:35:20,2751M,0123,1,0,0,大雨
2026-06-25 22:35:20,744M,0124,0,1,0,大雨
2026-06-25 22:35:20,306M,0126,0,45,0,大雨
2026-06-25 22:35:20,1503M,0127,1,36,0,大雨
2026-06-25 22:35:20,1508M,0129,0,41,0,大雨
2026-06-25 22:35:20,1501M,0132,1,61,0,大雨
2026-06-25 22:35:20,1510M,0133,0,12,0,大雨
2026-06-25 22:35:20,504M,0135,0,0,0,大雨
2026-06-25 22:35:20,622M,0137,0,0,0,大雨
2026-06-25 22:35:20,1509M,0111,1,0,0,大雨
2026-06-25 22:35:20,302M,0112,0,53,0,大雨
2026-06-25 22:35:20,1507M,0113,1,40,0,大雨
2026-06-25 22:35:20,1504M,0114,0,9,0,大雨
2026-06-25 22:35:20,1505M,0114,1,46,0,大雨
2026-06-25 22:40:19,1509M,0111,1,29,0,大雨
2026-06-25 22:40:19,302M,0111,0,61,0,大雨
2026-06-25 22:40:19,1507M,0447,1,42,0,大雨
2026-06-25 22:40:19,1504M,0447,0,13,0,大雨
2026-06-25 22:40:19,1505M,0116,1,47,0,大雨
2026-06-25 22:40:19,608M,0118,0,30,0,大雨
2026-06-25 22:40:19,2610M,0119,0,23,0,大雨
2026-06-25 22:40:19,611M,0119,1,9,0,大雨
2026-06-25 22:40:19,613M,0122,1,0,0,大雨
2026-06-25 22:40:19,744M,0122,0,1,0,大雨
2026-06-25 22:40:19,306M,0126,0,45,0,大雨
2026-06-25 22:40:19,1503M,0128,1,36,0,大雨
2026-06-25 22:40:19,1508M,0129,0,41,0,大雨
2026-06-25 22:40:19,1510M,0132,0,21,0,大雨
2026-06-25 22:40:19,1501M,0133,1,61,0,大雨
2026-06-25 22:40:19,504M,0135,0,0,0,大雨
2026-06-25 22:40:19,622M,0137,0,0,0,大雨
2026-06-25 22:45:21,2610M,0118,0,23,0,大雨
2026-06-25 22:45:21,611M,0119,1,9,0,大雨
2026-06-25 22:45:21,613M,0122,1,0,0,大雨
2026-06-25 22:45:21,753M,0123,1,1,0,大雨
2026-06-25 22:45:21,2746M,0124,0,1,0,大雨
2026-06-25 22:45:21,306M,0125,0,45,0,大雨
2026-06-25 22:45:21,1503M,0129,1,42,0,大雨
2026-06-25 22:45:21,1508M,0129,0,41,0,大雨
2026-06-25 22:45:21,1510M,0132,0,21,0,大雨
2026-06-25 22:45:21,1501M,0133,1,61,0,大雨
2026-06-25 22:45:21,504M,0134,0,6,0,大雨
2026-06-25 22:45:21,622M,0137,0,0,0,大雨
2026-06-25 22:45:21,302M,0111,0,61,0,大雨
2026-06-25 22:45:21,1509M,0112,1,29,0,大雨
2026-06-25 22:45:21,1507M,0447,1,42,0,大雨
2026-06-25 22:45:21,1504M,0447,0,13,0,大雨
2026-06-25 22:45:21,1505M,0116,1,47,0,大雨
2026-06-25 22:50:19,302M,0111,0,61,0,大雨
2026-06-25 22:50:19,1509M,0112,1,37,0,大雨
2026-06-25 22:50:19,1507M,0447,1,42,0,大雨
2026-06-25 22:50:19,1504M,0447,0,13,0,大雨
2026-06-25 22:50:19,1505M,0117,1,48,0,大雨
2026-06-25 22:50:19,613M,0122,1,0,0,大雨
2026-06-25 22:50:19,1502M,0122,0,0,0,大雨
2026-06-25 22:50:19,611M,0122,1,9,0,大雨
2026-06-25 22:50:19,2746M,0123,0,2,0,大雨
2026-06-25 22:50:19,753M,0124,1,1,0,大雨
2026-06-25 22:50:19,306M,0124,0,61,0,大雨
2026-06-25 22:50:19,1503M,0129,1,42,0,大雨
2026-06-25 22:50:19,1508M,0129,0,41,0,大雨
2026-06-25 22:50:19,1510M,0131,0,21,0,大雨
2026-06-25 22:50:19,1501M,0133,1,61,0,大雨
2026-06-25 22:50:19,504M,0134,0,6,0,大雨
2026-06-25 22:50:19,622M,0136,0,5,0,大雨
2026-06-25 22:55:14,1505M,0119,1,49,0,大雨
2026-06-25 22:55:14,613M,0122,1,0,0,大雨
2026-06-25 22:55:14,1502M,0122,0,0,0,大雨
2026-06-25 22:55:14,614M,0122,0,0,0,大雨
2026-06-25 22:55:14,757M,0122,1,0,0,大雨
2026-06-25 22:55:14,306M,0124,0,61,0,大雨
2026-06-25 22:55:14,753M,0124,1,1,0,大雨
2026-06-25 22:55:14,748M,0124,0,3,0,大雨
2026-06-25 22:55:14,1508M,0127,0,56,0,大雨
2026-06-25 22:55:14,1503M,0129,1,42,0,大雨
2026-06-25 22:55:14,1510M,0131,0,29,0,大雨
2026-06-25 22:55:14,504M,0134,0,15,0,大雨
2026-06-25 22:55:14,1501M,0134,1,61,0,大雨
2026-06-25 22:55:14,622M,0135,0,5,0,大雨
2026-06-25 22:55:14,1511M,0111,1,0,0,大雨
2026-06-25 22:55:14,1509M,0112,1,37,0,大雨
2026-06-25 22:55:14,1504M,0113,0,24,0,大雨
2026-06-25 22:55:14,1507M,0447,1,42,0,大雨
2026-06-25 23:00:40,1502M,0119,0,61,0,大雨
2026-06-25 23:00:40,1505M,0119,1,49,0,大雨
2026-06-25 23:00:40,614M,0122,0,21,0,大雨
2026-06-25 23:00:40,757M,0122,1,0,0,大雨
2026-06-25 23:00:40,613M,0123,1,5,0,大雨
2026-06-25 23:00:40,306M,0123,0,61,0,大雨
2026-06-25 23:00:40,748M,0123,0,5,0,大雨
2026-06-25 23:00:40,1508M,0126,0,58,0,大雨
2026-06-25 23:00:40,1510M,0129,0,35,0,大雨
2026-06-25 23:00:40,1503M,0131,1,42,0,大雨
2026-06-25 23:00:40,504M,0133,0,15,0,大雨
2026-06-25 23:00:40,1501M,0134,1,61,0,大雨
2026-06-25 23:00:40,622M,0135,0,5,0,大雨
2026-06-25 23:00:40,1511M,0111,1,0,0,大雨
2026-06-25 23:00:40,1504M,0112,0,24,0,大雨
2026-06-25 23:00:40,1509M,0113,1,44,0,大雨
2026-06-25 23:00:40,1507M,0114,1,57,0,大雨
2026-06-25 23:05:16,1502M,0118,0,61,0,大雨
2026-06-25 23:05:16,614M,0119,0,21,0,大雨
2026-06-25 23:05:16,1505M,0119,1,49,0,大雨
2026-06-25 23:05:16,757M,0123,1,0,0,大雨
2026-06-25 23:05:16,306M,0123,0,61,0,大雨
2026-06-25 23:05:16,748M,0123,0,5,0,大雨
2026-06-25 23:05:16,613M,0124,1,7,0,大雨
2026-06-25 23:05:16,1508M,0126,0,58,0,大雨
2026-06-25 23:05:16,1510M,0129,0,35,0,大雨
2026-06-25 23:05:16,1503M,0132,1,54,0,大雨
2026-06-25 23:05:16,504M,0133,0,15,0,大雨
2026-06-25 23:05:16,622M,0134,0,13,0,大雨
2026-06-25 23:05:16,1501M,0135,1,61,0,大雨
2026-06-25 23:05:16,1511M,0111,1,31,0,大雨
2026-06-25 23:05:16,1504M,0112,0,24,0,大雨
2026-06-25 23:05:16,1509M,0447,1,45,0,大雨
2026-06-25 23:05:16,1507M,0114,1,57,0,大雨
2026-06-25 23:10:20,2615M,0118,1,15,0,大雨
2026-06-25 23:10:20,614M,0118,0,21,0,大雨
2026-06-25 23:10:20,308M,0122,0,0,0,大雨
2026-06-25 23:10:20,307M,0122,1,0,0,大雨
2026-06-25 23:10:20,618M,0122,0,0,0,大雨
2026-06-25 23:10:20,757M,0124,1,0,0,大雨
2026-06-25 23:10:20,613M,0126,1,8,0,大雨
2026-06-25 23:10:20,1508M,0126,0,58,0,大雨
2026-06-25 23:10:20,1510M,0127,0,35,0,大雨
2026-06-25 23:10:20,1503M,0132,1,54,0,大雨
2026-06-25 23:10:20,504M,0133,0,25,0,大雨
2026-06-25 23:10:20,622M,0134,0,13,0,大雨
2026-06-25 23:10:20,1501M,0136,1,61,0,大雨
2026-06-25 23:10:20,1511M,0111,1,31,0,大雨
2026-06-25 23:10:20,1504M,0111,0,31,0,大雨
2026-06-25 23:10:20,1509M,0447,1,45,0,大雨
2026-06-25 23:10:20,1507M,0115,1,57,0,大雨
2026-06-25 23:10:20,1502M,0117,0,61,0,大雨
2026-06-25 23:15:18,2615M,0118,1,17,0,大雨
2026-06-25 23:15:18,308M,0122,0,0,0,大雨
2026-06-25 23:15:18,307M,0122,1,0,0,大雨
2026-06-25 23:15:18,618M,0122,0,0,0,大雨
2026-06-25 23:15:18,1508M,0124,0,61,0,大雨
2026-06-25 23:15:18,613M,0126,1,8,0,大雨
2026-06-25 23:15:18,1510M,0126,0,37,0,大雨
2026-06-25 23:15:18,504M,0132,0,26,0,大雨
2026-06-25 23:15:18,1503M,0133,1,54,0,大雨
2026-06-25 23:15:18,622M,0133,0,21,0,大雨
2026-06-25 23:15:18,1514M,0137,0,0,0,大雨
2026-06-25 23:15:18,1504M,0111,0,31,0,大雨
2026-06-25 23:15:18,1511M,0112,1,38,0,大雨
2026-06-25 23:15:18,1509M,0114,1,45,0,大雨
2026-06-25 23:15:18,1507M,0116,1,58,0,大雨
2026-06-25 23:15:18,1502M,0116,0,61,0,大雨
2026-06-25 23:20:22,2615M,0119,1,17,0,大雨
2026-06-25 23:20:22,308M,0122,0,0,0,大雨
2026-06-25 23:20:22,618M,0122,0,0,0,大雨
2026-06-25 23:20:22,1508M,0123,0,61,0,大雨
2026-06-25 23:20:22,307M,0124,1,8,0,大雨
2026-06-25 23:20:22,1510M,0126,0,37,0,大雨
2026-06-25 23:20:22,613M,0128,1,9,0,大雨
2026-06-25 23:20:22,504M,0132,0,26,0,大雨
2026-06-25 23:20:22,1503M,0133,1,61,0,大雨
2026-06-25 23:20:22,622M,0133,0,21,0,大雨
2026-06-25 23:20:22,1514M,0136,0,11,0,大雨
2026-06-25 23:20:22,1513M,0111,1,0,0,大雨
2026-06-25 23:20:22,1511M,0112,1,38,0,大雨
2026-06-25 23:20:22,1509M,0114,1,55,0,大雨
2026-06-25 23:20:22,1502M,0114,0,61,0,大雨
2026-06-25 23:20:22,1507M,0117,1,60,0,大雨
2026-06-25 23:25:18,1507M,0118,1,60,0,大雨
2026-06-25 23:25:18,618M,0119,0,15,0,大雨
2026-06-25 23:25:18,2615M,0119,1,17,0,大雨
2026-06-25 23:25:18,308M,0122,0,0,0,大雨
2026-06-25 23:25:18,1508M,0123,0,61,0,大雨
2026-06-25 23:25:18,752M,0123,0,3,0,大雨
2026-06-25 23:25:18,1510M,0124,0,40,0,大雨
2026-06-25 23:25:18,307M,0125,1,10,0,大雨
2026-06-25 23:25:18,613M,0129,1,9,0,大雨
2026-06-25 23:25:18,504M,0132,0,26,0,大雨
2026-06-25 23:25:18,622M,0133,0,21,0,大雨
2026-06-25 23:25:18,1503M,0133,1,61,0,大雨
2026-06-25 23:25:18,1514M,0135,0,11,0,大雨
2026-06-25 23:25:18,1513M,0111,1,0,0,大雨
2026-06-25 23:25:18,1511M,0112,1,46,0,大雨
2026-06-25 23:25:18,1509M,0114,1,55,0,大雨
2026-06-25 23:25:18,1502M,0114,0,61,0,大雨
2026-06-25 23:30:30,618M,0118,0,15,0,大雨
2026-06-25 23:30:30,1507M,0119,1,61,0,大雨
2026-06-25 23:30:30,308M,0122,0,0,0,大雨
2026-06-25 23:30:30,2759M,0122,1,0,0,大雨
2026-06-25 23:30:30,752M,0122,0,3,0,大雨
2026-06-25 23:30:30,1515M,0122,1,0,0,大雨
2026-06-25 23:30:30,1510M,0123,0,40,0,大雨
2026-06-25 23:30:30,307M,0126,1,10,0,大雨
2026-06-25 23:30:30,613M,0129,1,9,0,大雨
2026-06-25 23:30:30,504M,0129,0,38,0,大雨
2026-06-25 23:30:30,622M,0132,0,29,0,大雨
2026-06-25 23:30:30,1503M,0134,1,61,0,大雨
2026-06-25 23:30:30,1514M,0134,0,14,0,大雨
2026-06-25 23:30:30,1513M,0112,1,39,0,大雨
2026-06-25 23:30:30,1511M,0447,1,45,0,大雨
2026-06-25 23:30:30,1502M,0447,0,61,0,大雨
2026-06-25 23:30:30,1509M,0116,1,55,0,大雨
2026-06-25 23:35:17,1513M,0447,1,38,0,大雨
2026-06-25 23:35:17,1502M,0447,0,61,0,大雨
2026-06-25 23:35:17,1511M,0114,1,45,0,大雨
2026-06-25 23:35:17,1509M,0117,1,56,0,大雨
2026-06-25 23:35:17,408M,0106,0,0,0,大雨
2026-06-25 23:35:17,1507M,0119,1,61,0,大雨
2026-06-25 23:35:17,308M,0122,0,0,0,大雨
2026-06-25 23:35:17,2759M,0122,1,0,0,大雨
2026-06-25 23:35:17,752M,0122,0,4,0,大雨
2026-06-25 23:35:17,1510M,0122,0,40,0,大雨
2026-06-25 23:35:17,1515M,0122,1,0,0,大雨
2026-06-25 23:35:17,2754M,0124,0,1,0,大雨
2026-06-25 23:35:17,307M,0127,1,11,0,大雨
2026-06-25 23:35:17,504M,0129,0,38,0,大雨
2026-06-25 23:35:17,613M,0131,1,14,0,大雨
2026-06-25 23:35:17,622M,0132,0,29,0,大雨
2026-06-25 23:35:17,1503M,0134,1,61,0,大雨
2026-06-25 23:35:17,1514M,0134,0,14,0,大雨
2026-06-25 23:40:22,408M,0106,0,0,0,大雨
2026-06-25 23:40:22,1509M,0118,1,56,0,大雨
2026-06-25 23:40:22,1507M,0119,1,61,0,大雨
2026-06-25 23:40:22,308M,0122,0,0,0,大雨
2026-06-25 23:40:22,1510M,0122,0,40,0,大雨
2026-06-25 23:40:22,752M,0123,0,0,0,大雨
2026-06-25 23:40:22,2759M,0123,1,26,0,大雨
2026-06-25 23:40:22,2754M,0123,0,5,0,大雨
2026-06-25 23:40:22,504M,0127,0,39,0,大雨
2026-06-25 23:40:22,307M,0129,1,11,0,大雨
2026-06-25 23:40:22,622M,0131,0,29,0,大雨
2026-06-25 23:40:22,613M,0132,1,14,0,大雨
2026-06-25 23:40:22,1514M,0134,0,14,0,大雨
2026-06-25 23:40:22,1503M,0134,1,61,0,大雨
2026-06-25 23:40:22,1502M,0113,0,61,0,大雨
2026-06-25 23:40:22,1513M,0114,1,38,0,大雨
2026-06-25 23:40:22,1511M,0114,1,45,0,大雨
2026-06-25 23:45:24,2909M,0118,1,32,0,大雨
2026-06-25 23:45:24,1509M,0118,1,56,0,大雨
2026-06-25 23:45:24,1507M,0119,1,61,0,大雨
2026-06-25 23:45:24,308M,0122,0,0,0,大雨
2026-06-25 23:45:24,763M,0122,1,0,0,大雨
2026-06-25 23:45:24,1510M,0122,0,40,0,大雨
2026-06-25 23:45:24,761M,0123,1,0,0,大雨
2026-06-25 23:45:24,756M,0124,0,1,0,大雨
2026-06-25 23:45:24,504M,0127,0,39,0,大雨
2026-06-25 23:45:24,307M,0129,1,11,0,大雨
2026-06-25 23:45:24,622M,0129,0,38,0,大雨
2026-06-25 23:45:24,613M,0132,1,14,0,大雨
2026-06-25 23:45:24,1514M,0133,0,22,0,大雨
2026-06-25 23:45:24,1503M,0136,1,61,0,大雨
2026-06-25 23:45:24,1515M,0113,1,0,0,大雨
2026-06-25 23:45:24,1513M,0114,1,38,0,大雨
2026-06-25 23:45:24,1511M,0116,1,45,0,大雨
2026-06-25 23:50:21,1509M,0118,1,56,0,大雨
2026-06-25 23:50:21,2909M,0119,1,33,0,大雨
2026-06-25 23:50:21,308M,0122,0,0,0,大雨
2026-06-25 23:50:21,765M,0122,1,0,0,大雨
2026-06-25 23:50:21,1510M,0122,0,40,0,大雨
2026-06-25 23:50:21,763M,0123,1,6,0,大雨
2026-06-25 23:50:21,504M,0126,0,40,0,大雨
2026-06-25 23:50:21,622M,0127,0,37,0,大雨
2026-06-25 23:50:21,307M,0131,1,14,0,大雨
2026-06-25 23:50:21,613M,0133,1,23,0,大雨
2026-06-25 23:50:21,1514M,0133,0,22,0,大雨
2026-06-25 23:50:21,1503M,0136,1,61,0,大雨
2026-06-25 23:50:21,1515M,0447,1,31,0,大雨
2026-06-25 23:50:21,1513M,0115,1,38,0,大雨
2026-06-25 23:50:21,1511M,0117,1,44,0,大雨
2026-06-25 23:55:14,1511M,0118,1,44,0,大雨
2026-06-25 23:55:14,308M,0119,0,61,0,大雨
2026-06-25 23:55:14,1509M,0119,1,61,0,大雨
2026-06-25 23:55:14,2909M,0119,1,33,0,大雨
2026-06-25 23:55:14,1515M,0122,1,0,0,大雨
2026-06-25 23:55:14,1510M,0122,0,0,0,大雨
2026-06-25 23:55:14,765M,0122,1,0,0,大雨
2026-06-25 23:55:14,504M,0125,0,43,0,大雨
2026-06-25 23:55:14,622M,0126,0,38,0,大雨
2026-06-25 23:55:14,307M,0132,1,14,0,大雨
2026-06-25 23:55:14,1514M,0133,0,31,0,大雨
2026-06-25 23:55:14,613M,0133,1,23,0,大雨
2026-06-25 23:55:14,1516M,0137,0,0,0,大雨
2026-06-25 23:55:14,1513M,0116,1,37,0,大雨
2026-06-26 00:00:33,1513M,0118,1,36,0,大雨
2026-06-26 00:00:33,308M,0119,0,61,0,大雨
2026-06-26 00:00:33,1510M,0119,0,59,0,大雨
2026-06-26 00:00:33,1511M,0119,1,45,0,大雨
2026-06-26 00:00:33,1509M,0119,1,61,0,大雨
2026-06-26 00:00:33,1515M,0122,1,0,0,大雨
2026-06-26 00:00:33,2909M,0122,1,33,0,大雨
2026-06-26 00:00:33,765M,0122,1,0,0,大雨
2026-06-26 00:00:33,504M,0124,0,43,0,大雨
2026-06-26 00:00:33,622M,0126,0,38,0,大雨
2026-06-26 00:00:33,307M,0132,1,14,0,大雨
2026-06-26 00:00:33,1514M,0132,0,31,0,大雨
2026-06-26 00:00:33,613M,0133,1,23,0,大雨
2026-06-26 00:00:33,1516M,0136,0,33,0,大雨
2026-06-26 00:05:20,308M,0117,0,61,0,大雨
2026-06-26 00:05:20,1510M,0119,0,59,0,大雨
2026-06-26 00:05:20,1513M,0119,1,36,0,大雨
2026-06-26 00:05:20,1511M,0119,1,45,0,大雨
2026-06-26 00:05:20,1515M,0122,1,0,0,大雨
2026-06-26 00:05:20,310M,0122,0,0,0,大雨
2026-06-26 00:05:20,624M,0122,0,0,0,大雨
2026-06-26 00:05:20,765M,0122,1,0,0,大雨
2026-06-26 00:05:20,504M,0122,0,43,0,大雨
2026-06-26 00:05:20,622M,0124,0,39,0,大雨
2026-06-26 00:05:20,1514M,0132,0,31,0,大雨
2026-06-26 00:05:20,307M,0133,1,23,0,大雨
2026-06-26 00:05:20,613M,0134,1,32,0,大雨
2026-06-26 00:05:20,1516M,0136,0,33,0,大雨
2026-06-26 00:10:17,1510M,0117,0,59,0,大雨
2026-06-26 00:10:17,1513M,0119,1,36,0,大雨
2026-06-26 00:10:17,1511M,0119,1,45,0,大雨
2026-06-26 00:10:17,1515M,0122,1,0,0,大雨
2026-06-26 00:10:17,310M,0122,0,0,0,大雨
2026-06-26 00:10:17,624M,0122,0,0,0,大雨
2026-06-26 00:10:17,504M,0122,0,43,0,大雨
2026-06-26 00:10:17,765M,0123,1,3,0,大雨
2026-06-26 00:10:17,622M,0123,0,39,0,大雨
2026-06-26 00:10:17,760M,0124,0,3,0,大雨
2026-06-26 00:10:17,1514M,0131,0,40,0,大雨
2026-06-26 00:10:17,307M,0133,1,23,0,大雨
2026-06-26 00:10:17,613M,0134,1,32,0,大雨
2026-06-26 00:10:17,1516M,0134,0,36,0,大雨
2026-06-26 00:10:17,308M,0116,0,61,0,大雨
2026-06-26 00:15:19,624M,0119,0,19,0,大雨
2026-06-26 00:15:19,1513M,0119,1,36,0,大雨
2026-06-26 00:15:19,1511M,0122,1,53,0,大雨
2026-06-26 00:15:19,310M,0122,0,0,0,大雨
2026-06-26 00:15:19,622M,0122,0,38,0,大雨
2026-06-26 00:15:19,760M,0122,0,4,0,大雨
2026-06-26 00:15:19,1515M,0124,1,15,0,大雨
2026-06-26 00:15:19,1514M,0129,0,40,0,大雨
2026-06-26 00:15:19,307M,0133,1,23,0,大雨
2026-06-26 00:15:19,1516M,0134,0,36,0,大雨
2026-06-26 00:15:19,613M,0135,1,32,0,大雨
2026-06-26 00:15:19,308M,0114,0,61,0,大雨
2026-06-26 00:15:19,1510M,0116,0,60,0,大雨
2026-06-26 00:20:20,624M,0119,0,19,0,大雨
2026-06-26 00:20:20,2626M,0122,0,5,0,大雨
2026-06-26 00:20:20,1513M,0122,1,45,0,大雨
2026-06-26 00:20:20,310M,0122,0,0,0,大雨
2026-06-26 00:20:20,622M,0122,0,38,0,大雨
2026-06-26 00:20:20,1511M,0123,1,55,0,大雨
2026-06-26 00:20:20,1515M,0125,1,18,0,大雨
2026-06-26 00:20:20,1514M,0127,0,40,0,大雨
2026-06-26 00:20:20,1516M,0134,0,44,0,大雨
2026-06-26 00:20:20,307M,0134,1,32,0,大雨
2026-06-26 00:20:20,613M,0136,1,39,0,大雨
2026-06-26 00:20:20,308M,0114,0,61,0,大雨
2026-06-26 00:20:20,1510M,0115,0,60,0,大雨
2026-06-26 00:25:15,2626M,0119,0,5,0,大雨
2026-06-26 00:25:15,310M,0122,0,0,0,大雨
2026-06-26 00:25:15,1513M,0123,1,46,0,大雨
2026-06-26 00:25:15,1511M,0125,1,55,0,大雨
2026-06-26 00:25:15,1515M,0126,1,18,0,大雨
2026-06-26 00:25:15,1514M,0126,0,40,0,大雨
2026-06-26 00:25:15,1516M,0133,0,44,0,大雨
2026-06-26 00:25:15,307M,0134,1,32,0,大雨
2026-06-26 00:25:15,314M,0137,0,0,0,大雨
2026-06-26 00:25:15,308M,0447,0,61,0,大雨
2026-06-26 00:25:15,1519M,0115,1,0,0,大雨
2026-06-26 00:30:29,2626M,0118,0,5,0,大雨
2026-06-26 00:30:29,310M,0122,0,0,0,大雨
2026-06-26 00:30:29,2762M,0123,0,12,0,大雨
2026-06-26 00:30:29,1513M,0124,1,46,0,大雨
2026-06-26 00:30:29,1514M,0125,0,40,0,大雨
2026-06-26 00:30:29,1511M,0126,1,55,0,大雨
2026-06-26 00:30:29,1515M,0127,1,19,0,大雨
2026-06-26 00:30:29,1516M,0133,0,44,0,大雨
2026-06-26 00:30:29,307M,0135,1,32,0,大雨
2026-06-26 00:30:29,314M,0136,0,30,0,大雨
2026-06-26 00:30:29,308M,0113,0,61,0,大雨
2026-06-26 00:30:29,1519M,0116,1,6,0,大雨
2026-06-26 00:35:15,1519M,0117,1,6,0,大雨
2026-06-26 00:35:15,310M,0119,0,61,0,大雨
2026-06-26 00:35:15,2913M,0119,1,34,0,大雨
2026-06-26 00:35:15,2767M,0122,1,0,0,大雨
2026-06-26 00:35:15,1514M,0124,0,41,0,大雨
2026-06-26 00:35:15,764M,0124,0,9,0,大雨
2026-06-26 00:35:15,1513M,0126,1,46,0,大雨
2026-06-26 00:35:15,1511M,0127,1,54,0,大雨
2026-06-26 00:35:15,1515M,0129,1,19,0,大雨
2026-06-26 00:35:15,1516M,0132,0,52,0,大雨
2026-06-26 00:35:15,314M,0135,0,30,0,大雨
2026-06-26 00:35:15,307M,0136,1,41,0,大雨
2026-06-26 00:35:15,308M,0112,0,61,0,大雨
2026-06-26 00:40:21,310M,0118,0,61,0,大雨
2026-06-26 00:40:21,1519M,0119,1,6,0,大雨
2026-06-26 00:40:21,2913M,0119,1,34,0,大雨
2026-06-26 00:40:21,2767M,0123,1,11,0,大雨
2026-06-26 00:40:21,1514M,0123,0,42,0,大雨
2026-06-26 00:40:21,764M,0124,0,9,0,大雨
2026-06-26 00:40:21,1513M,0127,1,46,0,大雨
2026-06-26 00:40:21,1511M,0129,1,54,0,大雨
2026-06-26 00:40:21,1515M,0129,1,19,0,大雨
2026-06-26 00:40:21,1516M,0132,0,52,0,大雨
2026-06-26 00:40:21,314M,0135,0,31,0,大雨
2026-06-26 00:40:21,308M,0111,0,61,0,大雨
2026-06-26 00:45:19,1521M,0111,1,0,0,大雨
2026-06-26 00:45:19,1517M,0117,1,0,0,大雨
2026-06-26 00:45:19,1519M,0119,1,6,0,大雨
2026-06-26 00:45:19,5600M,0122,0,0,0,大雨
2026-06-26 00:45:19,1514M,0122,0,41,0,大雨
2026-06-26 00:45:19,764M,0123,0,12,0,大雨
2026-06-26 00:45:19,1513M,0129,1,46,0,大雨
2026-06-26 00:45:19,1511M,0129,1,54,0,大雨
2026-06-26 00:45:19,1515M,0132,1,22,0,大雨
2026-06-26 00:45:19,1516M,0132,0,52,0,大雨
2026-06-26 00:45:19,314M,0134,0,39,0,大雨
2026-06-26 00:45:19,510M,0137,0,0,0,大雨
2026-06-26 00:50:17,1514M,0119,0,43,0,大雨
2026-06-26 00:50:17,1520M,0122,0,0,0,大雨
2026-06-26 00:50:17,5600M,0122,0,0,0,大雨
2026-06-26 00:50:17,764M,0122,0,12,0,大雨
2026-06-26 00:50:17,766M,0123,0,9,0,大雨
2026-06-26 00:50:17,1513M,0129,1,46,0,大雨
2026-06-26 00:50:17,1516M,0129,0,61,0,大雨
2026-06-26 00:50:17,1511M,0131,1,59,0,大雨
2026-06-26 00:50:17,1515M,0132,1,22,0,大雨
2026-06-26 00:50:17,314M,0134,0,39,0,大雨
2026-06-26 00:50:17,510M,0137,0,0,0,大雨
2026-06-26 00:50:17,1521M,0112,1,19,0,大雨
2026-06-26 00:50:17,1517M,0117,1,0,0,大雨
2026-06-26 00:55:17,1517M,0117,1,45,0,大雨
2026-06-26 00:55:17,625M,0118,1,29,0,大雨
2026-06-26 00:55:17,1514M,0118,0,43,0,大雨
2026-06-26 00:55:17,509M,0122,1,0,0,大雨
2026-06-26 00:55:17,1520M,0122,0,0,0,大雨
2026-06-26 00:55:17,5600M,0122,0,0,0,大雨
2026-06-26 00:55:17,764M,0122,0,16,0,大雨
2026-06-26 00:55:17,766M,0122,0,9,0,大雨
2026-06-26 00:55:17,1516M,0129,0,61,0,大雨
2026-06-26 00:55:17,1511M,0132,1,59,0,大雨
2026-06-26 00:55:17,1515M,0132,1,22,0,大雨
2026-06-26 00:55:17,1513M,0132,1,49,0,大雨
2026-06-26 00:55:17,314M,0134,0,39,0,大雨
2026-06-26 00:55:17,510M,0137,0,0,0,大雨
2026-06-26 00:55:17,1521M,0113,1,20,0,大雨
2026-06-26 01:00:32,625M,0119,1,34,0,大雨
2026-06-26 01:00:32,1517M,0119,1,46,0,大雨
2026-06-26 01:00:32,509M,0122,1,0,0,大雨
2026-06-26 01:00:32,1520M,0122,0,0,0,大雨
2026-06-26 01:00:32,764M,0122,0,16,0,大雨
2026-06-26 01:00:32,766M,0122,0,9,0,大雨
2026-06-26 01:00:32,1516M,0127,0,61,0,大雨
2026-06-26 01:00:32,1513M,0132,1,49,0,大雨
2026-06-26 01:00:32,1511M,0132,1,59,0,大雨
2026-06-26 01:00:32,1515M,0133,1,32,0,大雨
2026-06-26 01:00:32,314M,0133,0,48,0,大雨
2026-06-26 01:00:32,510M,0136,0,36,0,大雨
2026-06-26 01:00:32,1521M,0447,1,20,0,大雨
2026-06-26 01:00:32,1514M,0117,0,43,0,大雨
2026-06-26 01:05:19,412M,0106,0,0,0,大雨
2026-06-26 01:05:19,625M,0119,1,34,0,大雨
2026-06-26 01:05:19,1517M,0119,1,46,0,大雨
2026-06-26 01:05:19,1520M,0122,0,0,0,大雨
2026-06-26 01:05:19,509M,0123,1,61,0,大雨
2026-06-26 01:05:19,768M,0124,0,5,0,大雨
2026-06-26 01:05:19,1516M,0126,0,61,0,大雨
2026-06-26 01:05:19,1513M,0132,1,49,0,大雨
2026-06-26 01:05:19,1511M,0133,1,61,0,大雨
2026-06-26 01:05:19,1515M,0133,1,32,0,大雨
2026-06-26 01:05:19,314M,0133,0,48,0,大雨
2026-06-26 01:05:19,510M,0134,0,39,0,大雨
2026-06-26 01:05:19,1521M,0114,1,19,0,大雨
2026-06-26 01:05:19,1514M,0116,0,43,0,大雨
2026-06-26 01:10:18,412M,0106,0,0,0,大雨
2026-06-26 01:10:18,1520M,0119,0,1,0,大雨
2026-06-26 01:10:18,1517M,0122,1,46,0,大雨
2026-06-26 01:10:18,625M,0122,1,34,0,大雨
2026-06-26 01:10:18,771M,0122,1,0,0,大雨
2026-06-26 01:10:18,509M,0124,1,61,0,大雨
2026-06-26 01:10:18,1516M,0124,0,61,0,大雨
2026-06-26 01:10:18,1513M,0133,1,59,0,大雨
2026-06-26 01:10:18,314M,0133,0,48,0,大雨
2026-06-26 01:10:18,1511M,0133,1,61,0,大雨
2026-06-26 01:10:18,1515M,0133,1,32,0,大雨
2026-06-26 01:10:18,510M,0134,0,39,0,大雨
2026-06-26 01:10:18,1521M,0114,1,19,0,大雨
2026-06-26 01:10:18,1514M,0114,0,43,0,大雨
2026-06-26 01:15:21,1520M,0118,0,1,0,大雨
2026-06-26 01:15:21,315M,0122,1,0,0,大雨
2026-06-26 01:15:21,625M,0122,1,37,0,大雨
2026-06-26 01:15:21,771M,0123,1,4,0,大雨
2026-06-26 01:15:21,1516M,0123,0,61,0,大雨
2026-06-26 01:15:21,1517M,0124,1,47,0,大雨
2026-06-26 01:15:21,509M,0126,1,61,0,大雨
2026-06-26 01:15:21,314M,0132,0,57,0,大雨
2026-06-26 01:15:21,1513M,0133,1,61,0,大雨
2026-06-26 01:15:21,1511M,0133,1,61,0,大雨
2026-06-26 01:15:21,1515M,0134,1,41,0,大雨
2026-06-26 01:15:21,510M,0134,0,39,0,大雨
2026-06-26 01:15:21,1514M,0114,0,43,0,大雨
2026-06-26 01:15:21,1521M,0116,1,19,0,大雨
2026-06-26 01:20:24,1521M,0117,1,19,0,大雨
2026-06-26 01:20:24,315M,0122,1,0,0,大雨
2026-06-26 01:20:24,1516M,0122,0,61,0,大雨
2026-06-26 01:20:24,2770M,0124,0,0,0,大雨
2026-06-26 01:20:24,1517M,0126,1,47,0,大雨
2026-06-26 01:20:24,509M,0127,1,61,0,大雨
2026-06-26 01:20:24,314M,0132,0,57,0,大雨
2026-06-26 01:20:24,1513M,0133,1,61,0,大雨
2026-06-26 01:20:24,510M,0133,0,47,0,大雨
2026-06-26 01:20:24,1511M,0134,1,61,0,大雨
2026-06-26 01:20:24,1515M,0134,1,41,0,大雨
2026-06-26 01:20:24,1514M,0447,0,43,0,大雨
2026-06-26 01:20:24,1520M,0117,0,1,0,大雨
2026-06-26 01:25:16,1521M,0118,1,19,0,大雨
2026-06-26 01:25:16,1516M,0119,0,61,0,大雨
2026-06-26 01:25:16,629M,0119,1,30,0,大雨
2026-06-26 01:25:16,2770M,0122,0,0,0,大雨
2026-06-26 01:25:16,315M,0123,1,23,0,大雨
2026-06-26 01:25:16,1517M,0126,1,47,0,大雨
2026-06-26 01:25:16,509M,0128,1,61,0,大雨
2026-06-26 01:25:16,314M,0131,0,57,0,大雨
2026-06-26 01:25:16,510M,0133,0,47,0,大雨
2026-06-26 01:25:16,1513M,0134,1,61,0,大雨
2026-06-26 01:25:16,1511M,0134,1,61,0,大雨
2026-06-26 01:25:16,1515M,0134,1,41,0,大雨
2026-06-26 01:25:16,1525M,0113,1,0,0,大雨
2026-06-26 01:25:16,1520M,0116,0,1,0,大雨
2026-06-26 01:30:26,1516M,0118,0,61,0,大雨
2026-06-26 01:30:26,1521M,0119,1,22,0,大雨
2026-06-26 01:30:26,629M,0119,1,30,0,大雨
2026-06-26 01:30:26,5604M,0122,0,0,0,大雨
2026-06-26 01:30:26,2773M,0122,1,0,0,大雨
2026-06-26 01:30:26,315M,0124,1,22,0,大雨
2026-06-26 01:30:26,1517M,0128,1,47,0,大雨
2026-06-26 01:30:26,509M,0129,1,61,0,大雨
2026-06-26 01:30:26,314M,0129,0,61,0,大雨
2026-06-26 01:30:26,510M,0133,0,56,0,大雨
2026-06-26 01:30:26,1513M,0134,1,61,0,大雨
2026-06-26 01:30:26,1511M,0134,1,61,0,大雨
2026-06-26 01:30:26,1515M,0136,1,50,0,大雨
2026-06-26 01:30:26,1525M,0113,1,0,0,大雨
2026-06-26 01:30:26,1520M,0114,0,2,0,大雨
2026-06-26 01:35:19,1516M,0118,0,61,0,大雨
2026-06-26 01:35:19,1521M,0119,1,22,0,大雨
2026-06-26 01:35:19,2630M,0122,0,0,0,大雨
2026-06-26 01:35:19,5604M,0122,0,0,0,大雨
2026-06-26 01:35:19,2773M,0124,1,2,0,大雨
2026-06-26 01:35:19,315M,0126,1,22,0,大雨
2026-06-26 01:35:19,314M,0127,0,61,0,大雨
2026-06-26 01:35:19,1517M,0129,1,47,0,大雨
2026-06-26 01:35:19,509M,0129,1,61,0,大雨
2026-06-26 01:35:19,510M,0132,0,60,0,大雨
2026-06-26 01:35:19,1513M,0134,1,61,0,大雨
2026-06-26 01:35:19,1511M,0135,1,61,0,大雨
2026-06-26 01:35:19,512M,0137,0,0,0,大雨
2026-06-26 01:35:19,1525M,0447,1,8,0,大雨
2026-06-26 01:35:19,1520M,0114,0,2,0,大雨
2026-06-26 01:40:19,1520M,0447,0,2,0,大雨
2026-06-26 01:40:19,1525M,0114,1,9,0,大雨
2026-06-26 01:40:19,1516M,0118,0,61,0,大雨
2026-06-26 01:40:19,1521M,0122,1,24,0,大雨
2026-06-26 01:40:19,2630M,0122,0,0,0,大雨
2026-06-26 01:40:19,5604M,0122,0,0,0,大雨
2026-06-26 01:40:19,772M,0124,0,0,0,大雨
2026-06-26 01:40:19,314M,0126,0,61,0,大雨
2026-06-26 01:40:19,315M,0127,1,23,0,大雨
2026-06-26 01:40:19,1517M,0131,1,47,0,大雨
2026-06-26 01:40:19,509M,0132,1,61,0,大雨
2026-06-26 01:40:19,510M,0132,0,60,0,大雨
2026-06-26 01:40:19,1513M,0134,1,61,0,大雨
2026-06-26 01:40:19,1511M,0135,1,61,0,大雨
2026-06-26 01:40:19,512M,0137,0,0,0,大雨
2026-06-26 01:45:19,5604M,0119,0,11,0,大雨
2026-06-26 01:45:19,2630M,0122,0,0,0,大雨
2026-06-26 01:45:19,772M,0122,0,0,0,大雨
2026-06-26 01:45:19,1521M,0123,1,27,0,大雨
2026-06-26 01:45:19,314M,0125,0,61,0,大雨
2026-06-26 01:45:19,315M,0129,1,23,0,大雨
2026-06-26 01:45:19,1517M,0132,1,53,0,大雨
2026-06-26 01:45:19,509M,0132,1,61,0,大雨
2026-06-26 01:45:19,510M,0132,0,60,0,大雨
2026-06-26 01:45:19,1513M,0135,1,61,0,大雨
2026-06-26 01:45:19,1511M,0136,1,61,0,大雨
2026-06-26 01:45:19,512M,0136,0,61,0,大雨
2026-06-26 01:45:19,1520M,0113,0,2,0,大雨
2026-06-26 01:45:19,1525M,0114,1,9,0,大雨
2026-06-26 01:45:19,1516M,0117,0,61,0,大雨
2026-06-26 01:50:22,1527M,0113,1,0,0,大雨
2026-06-26 01:50:22,1525M,0115,1,9,0,大雨
2026-06-26 01:50:22,1516M,0115,0,61,0,大雨
2026-06-26 01:50:22,2630M,0119,0,34,0,大雨
2026-06-26 01:50:22,775M,0122,1,0,0,大雨
2026-06-26 01:50:22,772M,0122,0,0,0,大雨
2026-06-26 01:50:22,314M,0123,0,61,0,大雨
2026-06-26 01:50:22,1521M,0125,1,27,0,大雨
2026-06-26 01:50:22,315M,0129,1,23,0,大雨
2026-06-26 01:50:22,510M,0129,0,61,0,大雨
2026-06-26 01:50:22,1517M,0132,1,53,0,大雨
2026-06-26 01:50:22,509M,0132,1,61,0,大雨
2026-06-26 01:50:22,1513M,0135,1,61,0,大雨
2026-06-26 01:50:22,512M,0135,0,61,0,大雨
2026-06-26 01:50:22,316M,0137,0,0,0,大雨
2026-06-26 01:55:14,2630M,0118,0,34,0,大雨
2026-06-26 01:55:14,519M,0122,1,0,0,大雨
2026-06-26 01:55:14,314M,0122,0,61,0,大雨
2026-06-26 01:55:14,775M,0123,1,3,0,大雨
2026-06-26 01:55:14,1521M,0126,1,27,0,大雨
2026-06-26 01:55:14,510M,0129,0,61,0,大雨
2026-06-26 01:55:14,315M,0131,1,25,0,大雨
2026-06-26 01:55:14,1517M,0132,1,53,0,大雨
2026-06-26 01:55:14,1524M,0133,0,0,0,大雨
2026-06-26 01:55:14,512M,0134,0,61,0,大雨
2026-06-26 01:55:14,1513M,0136,1,61,0,大雨
2026-06-26 01:55:14,316M,0137,0,0,0,大雨
2026-06-26 01:55:14,1527M,0447,1,0,0,大雨
2026-06-26 01:55:14,1516M,0114,0,61,0,大雨
2026-06-26 01:55:14,1525M,0116,1,14,0,大雨
2026-06-26 02:00:35,1525M,0117,1,14,0,大雨
2026-06-26 02:00:35,314M,0119,0,61,0,大雨
2026-06-26 02:00:35,519M,0124,1,10,0,大雨
2026-06-26 02:00:35,510M,0127,0,61,0,大雨
2026-06-26 02:00:35,1521M,0127,1,27,0,大雨
2026-06-26 02:00:35,315M,0132,1,30,0,大雨
2026-06-26 02:00:35,1524M,0133,0,0,0,大雨
2026-06-26 02:00:35,1517M,0133,1,61,0,大雨
2026-06-26 02:00:35,512M,0134,0,61,0,大雨
2026-06-26 02:00:35,316M,0136,0,61,0,大雨
2026-06-26 02:00:35,1513M,0137,1,61,0,大雨
2026-06-26 02:00:35,1516M,0447,0,61,0,大雨
2026-06-26 02:00:35,1527M,0114,1,0,0,大雨
2026-06-26 02:05:14,314M,0118,0,61,0,大雨
2026-06-26 02:05:14,1525M,0119,1,14,0,大雨
2026-06-26 02:05:14,774M,0123,0,3,0,大雨
2026-06-26 02:05:14,519M,0126,1,10,0,大雨
2026-06-26 02:05:14,510M,0126,0,61,0,大雨
2026-06-26 02:05:14,1521M,0129,1,27,0,大雨
2026-06-26 02:05:14,315M,0132,1,30,0,大雨
2026-06-26 02:05:14,1524M,0133,0,0,0,大雨
2026-06-26 02:05:14,1517M,0133,1,61,0,大雨
2026-06-26 02:05:14,512M,0133,0,61,0,大雨
2026-06-26 02:05:14,316M,0136,0,61,0,大雨
2026-06-26 02:05:14,1528M,0137,0,0,0,大雨
2026-06-26 02:05:14,1516M,0447,0,61,0,大雨
2026-06-26 02:05:14,1527M,0114,1,0,0,大雨
2026-06-26 02:10:19,1525M,0119,1,14,0,大雨
2026-06-26 02:10:19,777M,0122,1,0,0,大雨
2026-06-26 02:10:19,510M,0124,0,61,0,大雨
2026-06-26 02:10:19,519M,0127,1,10,0,大雨
2026-06-26 02:10:19,1521M,0131,1,27,0,大雨
2026-06-26 02:10:19,1524M,0132,0,61,0,大雨
2026-06-26 02:10:19,315M,0133,1,30,0,大雨
2026-06-26 02:10:19,1517M,0133,1,61,0,大雨
2026-06-26 02:10:19,512M,0133,0,61,0,大雨
2026-06-26 02:10:19,316M,0136,0,61,0,大雨
2026-06-26 02:10:19,1528M,0137,0,0,0,大雨
2026-06-26 02:10:19,1516M,0112,0,61,0,大雨
2026-06-26 02:10:19,1527M,0116,1,0,0,大雨
2026-06-26 02:10:19,314M,0117,0,61,0,大雨
2026-06-26 02:15:21,631M,0118,1,59,0,大雨
2026-06-26 02:15:21,1525M,0123,1,13,0,大雨
2026-06-26 02:15:21,510M,0123,0,61,0,大雨
2026-06-26 02:15:21,777M,0124,1,1,0,大雨
2026-06-26 02:15:21,519M,0129,1,10,0,大雨
2026-06-26 02:15:21,1521M,0131,1,27,0,大雨
2026-06-26 02:15:21,1524M,0132,0,61,0,大雨
2026-06-26 02:15:21,315M,0133,1,38,0,大雨
2026-06-26 02:15:21,512M,0133,0,61,0,大雨
2026-06-26 02:15:21,1517M,0134,1,61,0,大雨
2026-06-26 02:15:21,316M,0134,0,61,0,大雨
2026-06-26 02:15:21,1528M,0137,0,0,0,大雨
2026-06-26 02:15:21,1529M,0111,1,0,0,大雨
2026-06-26 02:15:21,314M,0115,0,61,0,大雨
2026-06-26 02:15:21,1527M,0117,1,0,0,大雨
2026-06-26 02:20:20,1527M,0118,1,0,0,大雨
2026-06-26 02:20:20,631M,0119,1,59,0,大雨
2026-06-26 02:20:20,510M,0122,0,61,0,大雨
2026-06-26 02:20:20,1525M,0124,1,13,0,大雨
2026-06-26 02:20:20,519M,0129,1,10,0,大雨
2026-06-26 02:20:20,1524M,0131,0,61,0,大雨
2026-06-26 02:20:20,1521M,0132,1,32,0,大雨
2026-06-26 02:20:20,512M,0132,0,61,0,大雨
2026-06-26 02:20:20,315M,0133,1,38,0,大雨
2026-06-26 02:20:20,1517M,0134,1,61,0,大雨
2026-06-26 02:20:20,316M,0134,0,61,0,大雨
2026-06-26 02:20:20,1528M,0136,0,48,0,大雨
2026-06-26 02:20:20,330M,0137,0,0,0,大雨
2026-06-26 02:20:20,1529M,0111,1,20,0,大雨
2026-06-26 02:20:20,314M,0114,0,61,0,大雨
2026-06-26 02:25:14,420M,0106,0,0,0,大雨
2026-06-26 02:25:14,1527M,0119,1,0,0,大雨
2026-06-26 02:25:14,631M,0122,1,59,0,大雨
2026-06-26 02:25:14,2776M,0123,0,1,0,大雨
2026-06-26 02:25:14,1525M,0126,1,13,0,大雨
2026-06-26 02:25:14,1524M,0129,0,61,0,大雨
2026-06-26 02:25:14,519M,0131,1,10,0,大雨
2026-06-26 02:25:14,1521M,0132,1,32,0,大雨
2026-06-26 02:25:14,512M,0132,0,61,0,大雨
2026-06-26 02:25:14,315M,0134,1,46,0,大雨
2026-06-26 02:25:14,316M,0134,0,61,0,大雨
2026-06-26 02:25:14,1517M,0135,1,61,0,大雨
2026-06-26 02:25:14,1528M,0135,0,49,0,大雨
2026-06-26 02:25:14,1534M,0137,0,0,0,大雨
2026-06-26 02:25:14,1529M,0113,1,19,0,大雨
2026-06-26 02:25:14,314M,0114,0,61,0,大雨
2026-06-26 02:30:28,420M,0106,0,0,0,大雨
2026-06-26 02:30:28,2635M,0118,1,22,0,大雨
2026-06-26 02:30:28,1527M,0122,1,0,0,大雨
2026-06-26 02:30:28,5608M,0122,0,0,0,大雨
2026-06-26 02:30:28,2779M,0123,1,0,0,大雨
2026-06-26 02:30:28,1525M,0127,1,13,0,大雨
2026-06-26 02:30:28,1524M,0127,0,61,0,大雨
2026-06-26 02:30:28,519M,0132,1,15,0,大雨
2026-06-26 02:30:28,512M,0132,0,61,0,大雨
2026-06-26 02:30:28,1530M,0133,0,0,0,大雨
2026-06-26 02:30:28,316M,0133,0,61,0,大雨
2026-06-26 02:30:28,315M,0134,1,46,0,大雨
2026-06-26 02:30:28,1528M,0135,0,49,0,大雨
2026-06-26 02:30:28,1517M,0136,1,61,0,大雨
2026-06-26 02:30:28,1534M,0137,0,0,0,大雨
2026-06-26 02:30:28,1529M,0447,1,20,0,大雨
2026-06-26 02:30:28,314M,0447,0,61,0,大雨
2026-06-26 02:35:20,420M,0106,0,0,0,大雨
2026-06-26 02:35:20,5608M,0119,0,0,0,大雨
2026-06-26 02:35:20,2635M,0119,1,22,0,大雨
2026-06-26 02:35:20,1527M,0124,1,0,0,大雨
2026-06-26 02:35:20,1524M,0126,0,61,0,大雨
2026-06-26 02:35:20,1525M,0129,1,13,0,大雨
2026-06-26 02:35:20,512M,0129,0,61,0,大雨
2026-06-26 02:35:20,519M,0132,1,15,0,大雨
2026-06-26 02:35:20,1530M,0133,0,0,0,大雨
2026-06-26 02:35:20,316M,0133,0,61,0,大雨
2026-06-26 02:35:20,1528M,0134,0,58,0,大雨
2026-06-26 02:35:20,315M,0135,1,46,0,大雨
2026-06-26 02:35:20,1517M,0137,1,61,0,大雨
2026-06-26 02:35:20,1534M,0137,0,0,0,大雨
2026-06-26 02:35:20,314M,0113,0,61,0,大雨
2026-06-26 02:35:20,1529M,0114,1,19,0,大雨
2026-06-26 02:40:18,2634M,0122,0,0,0,大雨
2026-06-26 02:40:18,1527M,0125,1,0,0,大雨
2026-06-26 02:40:18,1524M,0125,0,61,0,大雨
2026-06-26 02:40:18,1525M,0129,1,13,0,大雨
2026-06-26 02:40:18,512M,0129,0,61,0,大雨
2026-06-26 02:40:18,519M,0132,1,15,0,大雨
2026-06-26 02:40:18,1530M,0133,0,0,0,大雨
2026-06-26 02:40:18,316M,0133,0,61,0,大雨
2026-06-26 02:40:18,1528M,0134,0,58,0,大雨
2026-06-26 02:40:18,315M,0135,1,54,0,大雨
2026-06-26 02:40:18,1517M,0137,1,61,0,大雨
2026-06-26 02:40:18,1534M,0137,0,0,0,大雨
2026-06-26 02:40:18,319M,0113,1,0,0,大雨
2026-06-26 02:40:18,1529M,0114,1,19,0,大雨
2026-06-26 02:45:24,319M,0447,1,0,0,大雨
2026-06-26 02:45:24,1529M,0116,1,19,0,大雨
2026-06-26 02:45:24,2634M,0122,0,0,0,大雨
2026-06-26 02:45:24,781M,0122,1,0,0,大雨
2026-06-26 02:45:24,1524M,0123,0,61,0,大雨
2026-06-26 02:45:24,1527M,0126,1,0,0,大雨
2026-06-26 02:45:24,512M,0127,0,61,0,大雨
2026-06-26 02:45:24,1525M,0131,1,15,0,大雨
2026-06-26 02:45:24,519M,0132,1,15,0,大雨
2026-06-26 02:45:24,316M,0132,0,61,0,大雨
2026-06-26 02:45:24,1530M,0133,0,0,0,大雨
2026-06-26 02:45:24,1528M,0134,0,58,0,大雨
2026-06-26 02:45:24,315M,0136,1,58,0,大雨
2026-06-26 02:45:24,1534M,0136,0,15,0,大雨
2026-06-26 02:50:19,4406M,0106,0,0,0,大雨
2026-06-26 02:50:19,1529M,0117,1,18,0,大雨
2026-06-26 02:50:19,2634M,0119,0,36,0,大雨
2026-06-26 02:50:19,1524M,0122,0,61,0,大雨
2026-06-26 02:50:19,781M,0123,1,0,0,大雨
2026-06-26 02:50:19,512M,0126,0,61,0,大雨
2026-06-26 02:50:19,1527M,0128,1,0,0,大雨
2026-06-26 02:50:19,1525M,0132,1,18,0,大雨
2026-06-26 02:50:19,316M,0132,0,61,0,大雨
2026-06-26 02:50:19,1530M,0132,0,49,0,大雨
2026-06-26 02:50:19,519M,0133,1,15,0,大雨
2026-06-26 02:50:19,1528M,0133,0,61,0,大雨
2026-06-26 02:50:19,1534M,0135,0,16,0,大雨
2026-06-26 02:50:19,318M,0137,0,0,0,大雨
2026-06-26 02:50:19,319M,0114,1,7,0,大雨
2026-06-26 02:55:17,4406M,0106,0,0,0,大雨
2026-06-26 02:55:17,2634M,0118,0,36,0,大雨
2026-06-26 02:55:17,1524M,0119,0,61,0,大雨
2026-06-26 02:55:17,1529M,0119,1,18,0,大雨
2026-06-26 02:55:17,512M,0124,0,61,0,大雨
2026-06-26 02:55:17,1527M,0129,1,0,0,大雨
2026-06-26 02:55:17,1525M,0132,1,18,0,大雨
2026-06-26 02:55:17,316M,0132,0,61,0,大雨
2026-06-26 02:55:17,1530M,0132,0,49,0,大雨
2026-06-26 02:55:17,1532M,0133,0,0,0,大雨
2026-06-26 02:55:17,1528M,0133,0,61,0,大雨
2026-06-26 02:55:17,1534M,0134,0,21,0,大雨
2026-06-26 02:55:17,318M,0137,0,0,0,大雨
2026-06-26 02:55:17,319M,0114,1,7,0,大雨
2026-06-26 03:00:37,4406M,0106,0,0,0,大雨
2026-06-26 03:00:37,1524M,0118,0,61,0,大雨
2026-06-26 03:00:37,1529M,0122,1,17,0,大雨
2026-06-26 03:00:37,512M,0122,0,61,0,大雨
2026-06-26 03:00:37,780M,0123,0,0,0,大雨
2026-06-26 03:00:37,316M,0129,0,61,0,大雨
2026-06-26 03:00:37,1527M,0131,1,0,0,大雨
2026-06-26 03:00:37,1530M,0132,0,49,0,大雨
2026-06-26 03:00:37,1525M,0133,1,26,0,大雨
2026-06-26 03:00:37,1532M,0133,0,0,0,大雨
2026-06-26 03:00:37,1528M,0133,0,61,0,大雨
2026-06-26 03:00:37,1534M,0134,0,21,0,大雨
2026-06-26 03:00:37,318M,0136,0,58,0,大雨
2026-06-26 03:00:37,319M,0116,1,6,0,大雨
2026-06-26 03:05:15,4406M,0106,0,0,0,大雨
2026-06-26 03:05:15,783M,0122,1,0,0,大雨
2026-06-26 03:05:15,512M,0122,0,61,0,大雨
2026-06-26 03:05:15,1529M,0123,1,17,0,大雨
2026-06-26 03:05:15,316M,0129,0,61,0,大雨
2026-06-26 03:05:15,1530M,0129,0,60,0,大雨
2026-06-26 03:05:15,1527M,0132,1,3,0,大雨
2026-06-26 03:05:15,1528M,0132,0,61,0,大雨
2026-06-26 03:05:15,1532M,0133,0,0,0,大雨
2026-06-26 03:05:15,1525M,0133,1,26,0,大雨
2026-06-26 03:05:15,1534M,0134,0,21,0,大雨
2026-06-26 03:05:15,318M,0136,0,58,0,大雨
2026-06-26 03:05:15,319M,0116,1,6,0,大雨
2026-06-26 03:05:15,1524M,0117,0,61,0,大雨
2026-06-26 03:10:19,4406M,0106,0,0,0,大雨
2026-06-26 03:10:19,319M,0118,1,6,0,大雨
2026-06-26 03:10:19,783M,0123,1,0,0,大雨
2026-06-26 03:10:19,1529M,0124,1,18,0,大雨
2026-06-26 03:10:19,316M,0127,0,61,0,大雨
2026-06-26 03:10:19,1530M,0129,0,60,0,大雨
2026-06-26 03:10:19,1527M,0132,1,3,0,大雨
2026-06-26 03:10:19,1528M,0132,0,61,0,大雨
2026-06-26 03:10:19,1532M,0132,0,37,0,大雨
2026-06-26 03:10:19,1525M,0133,1,26,0,大雨
2026-06-26 03:10:19,1534M,0133,0,31,0,大雨
2026-06-26 03:10:19,318M,0134,0,61,0,大雨
2026-06-26 03:10:19,1524M,0115,0,61,0,大雨
2026-06-26 03:15:22,4406M,0106,0,0,0,大雨
2026-06-26 03:15:22,319M,0119,1,7,0,大雨
2026-06-26 03:15:22,1529M,0126,1,18,0,大雨
2026-06-26 03:15:22,316M,0126,0,61,0,大雨
2026-06-26 03:15:22,1530M,0127,0,61,0,大雨
2026-06-26 03:15:22,1528M,0132,0,61,0,大雨
2026-06-26 03:15:22,1532M,0132,0,37,0,大雨
2026-06-26 03:15:22,1527M,0133,1,3,0,大雨
2026-06-26 03:15:22,1534M,0133,0,31,0,大雨
2026-06-26 03:15:22,1525M,0134,1,35,0,大雨
2026-06-26 03:15:22,318M,0134,0,61,0,大雨
2026-06-26 03:15:22,1524M,0114,0,61,0,大雨
2026-06-26 03:20:21,5615M,0119,1,33,0,大雨
2026-06-26 03:20:21,319M,0122,1,8,0,大雨
2026-06-26 03:20:21,2785M,0122,1,0,0,大雨
2026-06-26 03:20:21,2782M,0124,0,0,0,大雨
2026-06-26 03:20:21,316M,0125,0,61,0,大雨
2026-06-26 03:20:21,1530M,0126,0,61,0,大雨
2026-06-26 03:20:21,1529M,0127,1,19,0,大雨
2026-06-26 03:20:21,1528M,0129,0,61,0,大雨
2026-06-26 03:20:21,1532M,0131,0,37,0,大雨
2026-06-26 03:20:21,1527M,0133,1,12,0,大雨
2026-06-26 03:20:21,1534M,0133,0,31,0,大雨
2026-06-26 03:20:21,318M,0134,0,61,0,大雨
2026-06-26 03:20:21,1525M,0134,1,35,0,大雨
2026-06-26 03:20:21,1524M,0114,0,61,0,大雨
2026-06-26 03:25:20,319M,0122,1,8,0,大雨
2026-06-26 03:25:20,5615M,0122,1,33,0,大雨
2026-06-26 03:25:20,2785M,0122,1,0,0,大雨
2026-06-26 03:25:20,316M,0123,0,61,0,大雨
2026-06-26 03:25:20,2782M,0124,0,0,0,大雨
2026-06-26 03:25:20,1530M,0125,0,61,0,大雨
2026-06-26 03:25:20,1528M,0128,0,61,0,大雨
2026-06-26 03:25:20,1529M,0129,1,19,0,大雨
2026-06-26 03:25:20,1532M,0129,0,47,0,大雨
2026-06-26 03:25:20,1534M,0132,0,41,0,大雨
2026-06-26 03:25:20,1527M,0133,1,12,0,大雨
2026-06-26 03:25:20,318M,0133,0,61,0,大雨
2026-06-26 03:25:20,1525M,0135,1,35,0,大雨
2026-06-26 03:25:20,1524M,0447,0,61,0,大雨
2026-06-26 03:30:25,5612M,0122,0,0,0,大雨
2026-06-26 03:30:25,316M,0122,0,61,0,大雨
2026-06-26 03:30:25,2782M,0122,0,6,0,大雨
2026-06-26 03:30:25,2785M,0123,1,4,0,大雨
2026-06-26 03:30:25,1530M,0123,0,61,0,大雨
2026-06-26 03:30:25,1528M,0127,0,61,0,大雨
2026-06-26 03:30:25,1529M,0129,1,19,0,大雨
2026-06-26 03:30:25,1532M,0129,0,47,0,大雨
2026-06-26 03:30:25,1534M,0132,0,41,0,大雨
2026-06-26 03:30:25,318M,0133,0,61,0,大雨
2026-06-26 03:30:25,1527M,0134,1,20,0,大雨
2026-06-26 03:30:25,1525M,0136,1,42,0,大雨
2026-06-26 03:30:25,1524M,0112,0,61,0,大雨
2026-06-26 03:35:15,316M,0119,0,61,0,大雨
2026-06-26 03:35:15,5612M,0122,0,0,0,大雨
2026-06-26 03:35:15,1530M,0122,0,61,0,大雨
2026-06-26 03:35:15,2782M,0122,0,6,0,大雨
2026-06-26 03:35:15,1528M,0126,0,61,0,大雨
2026-06-26 03:35:15,1532M,0127,0,48,0,大雨
2026-06-26 03:35:15,1529M,0131,1,19,0,大雨
2026-06-26 03:35:15,1534M,0132,0,41,0,大雨
2026-06-26 03:35:15,318M,0132,0,61,0,大雨
2026-06-26 03:35:15,1527M,0134,1,20,0,大雨
2026-06-26 03:35:15,514M,0137,0,0,0,大雨
2026-06-26 03:35:15,1524M,0111,0,61,0,大雨
2026-06-26 03:40:18,316M,0118,0,61,0,大雨
2026-06-26 03:40:18,5612M,0119,0,4,0,大雨
2026-06-26 03:40:18,1530M,0122,0,61,0,大雨
2026-06-26 03:40:18,1528M,0124,0,61,0,大雨
2026-06-26 03:40:18,1532M,0126,0,48,0,大雨
2026-06-26 03:40:18,1534M,0131,0,52,0,大雨
2026-06-26 03:40:18,1529M,0132,1,24,0,大雨
2026-06-26 03:40:18,318M,0132,0,61,0,大雨
2026-06-26 03:40:18,1527M,0134,1,20,0,大雨
2026-06-26 03:40:18,514M,0136,0,40,0,大雨
2026-06-26 03:40:18,1533M,0111,1,0,0,大雨
2026-06-26 03:45:23,422M,0106,0,0,0,大雨
2026-06-26 03:45:23,5612M,0118,0,5,0,大雨
2026-06-26 03:45:23,1530M,0122,0,61,0,大雨
2026-06-26 03:45:23,1528M,0122,0,61,0,大雨
2026-06-26 03:45:23,784M,0123,0,2,0,大雨
2026-06-26 03:45:23,1532M,0124,0,49,0,大雨
2026-06-26 03:45:23,1534M,0129,0,52,0,大雨
2026-06-26 03:45:23,1529M,0132,1,24,0,大雨
2026-06-26 03:45:23,318M,0132,0,61,0,大雨
2026-06-26 03:45:23,1527M,0136,1,28,0,大雨
2026-06-26 03:45:23,514M,0136,0,40,0,大雨
2026-06-26 03:45:23,1533M,0111,1,60,0,大雨
2026-06-26 03:45:23,316M,0117,0,61,0,大雨
2026-06-26 03:50:22,422M,0106,0,0,0,大雨
2026-06-26 03:50:22,2637M,0119,1,61,0,大雨
2026-06-26 03:50:22,787M,0122,1,0,0,大雨
2026-06-26 03:50:22,1530M,0122,0,61,0,大雨
2026-06-26 03:50:22,1528M,0122,0,61,0,大雨
2026-06-26 03:50:22,1532M,0123,0,48,0,大雨
2026-06-26 03:50:22,1534M,0127,0,53,0,大雨
2026-06-26 03:50:22,318M,0129,0,61,0,大雨
2026-06-26 03:50:22,1529M,0132,1,24,0,大雨
2026-06-26 03:50:22,514M,0134,0,43,0,大雨
2026-06-26 03:50:22,516M,0137,0,0,0,大雨
2026-06-26 03:50:22,1539M,0112,1,0,0,大雨
2026-06-26 03:50:22,316M,0115,0,61,0,大雨
2026-06-26 03:55:15,422M,0106,0,0,0,大雨
2026-06-26 03:55:15,1528M,0119,0,0,0,大雨
2026-06-26 03:55:15,2637M,0119,1,61,0,大雨
2026-06-26 03:55:15,1535M,0122,1,0,0,大雨
2026-06-26 03:55:15,1530M,0122,0,61,0,大雨
2026-06-26 03:55:15,320M,0122,0,0,0,大雨
2026-06-26 03:55:15,787M,0123,1,5,0,大雨
2026-06-26 03:55:15,1534M,0126,0,53,0,大雨
2026-06-26 03:55:15,318M,0129,0,61,0,大雨
2026-06-26 03:55:15,1538M,0133,0,0,0,大雨
2026-06-26 03:55:15,514M,0134,0,43,0,大雨
2026-06-26 03:55:15,516M,0137,0,0,0,大雨
2026-06-26 03:55:15,1539M,0113,1,5,0,大雨
2026-06-26 03:55:15,316M,0114,0,61,0,大雨
2026-06-26 04:00:34,1534M,0118,0,30,0,大雨
2026-06-26 04:00:34,2638M,0122,0,0,0,大雨
2026-06-26 04:00:34,1535M,0122,1,0,0,大雨
2026-06-26 04:00:34,320M,0122,0,0,0,大雨
2026-06-26 04:00:34,787M,0124,1,5,0,大雨
2026-06-26 04:00:34,786M,0124,0,0,0,大雨
2026-06-26 04:00:34,318M,0127,0,61,0,大雨
2026-06-26 04:00:34,1538M,0133,0,0,0,大雨
2026-06-26 04:00:34,514M,0134,0,51,0,大雨
2026-06-26 04:00:34,516M,0137,0,0,0,大雨
2026-06-26 04:00:34,1539M,0447,1,5,0,大雨
2026-06-26 04:00:34,316M,0114,0,61,0,大雨
2026-06-26 04:05:18,320M,0119,0,11,0,大雨
2026-06-26 04:05:18,2638M,0122,0,0,0,大雨
2026-06-26 04:05:18,789M,0122,1,0,0,大雨
2026-06-26 04:05:18,1535M,0123,1,16,0,大雨
2026-06-26 04:05:18,318M,0126,0,61,0,大雨
2026-06-26 04:05:18,1538M,0133,0,0,0,大雨
2026-06-26 04:05:18,514M,0133,0,51,0,大雨
2026-06-26 04:05:18,516M,0137,0,0,0,大雨
2026-06-26 04:05:18,316M,0447,0,61,0,大雨
2026-06-26 04:05:18,1539M,0114,1,5,0,大雨
2026-06-26 04:05:18,1534M,0116,0,30,0,大雨
2026-06-26 04:10:18,320M,0118,0,11,0,大雨
2026-06-26 04:10:18,2638M,0122,0,0,0,大雨
2026-06-26 04:10:18,789M,0123,1,0,0,大雨
2026-06-26 04:10:18,318M,0124,0,61,0,大雨
2026-06-26 04:10:18,1535M,0125,1,17,0,大雨
2026-06-26 04:10:18,1538M,0132,0,38,0,大雨
2026-06-26 04:10:18,514M,0133,0,51,0,大雨
2026-06-26 04:10:18,516M,0136,0,41,0,大雨
2026-06-26 04:10:18,316M,0112,0,61,0,大雨
2026-06-26 04:10:18,1539M,0114,1,5,0,大雨
2026-06-26 04:10:18,1534M,0115,0,30,0,大雨
2026-06-26 04:15:25,2638M,0119,0,1,0,大雨
2026-06-26 04:15:25,1536M,0122,0,0,0,大雨
2026-06-26 04:15:25,1540M,0122,0,0,0,大雨
2026-06-26 04:15:25,318M,0123,0,61,0,大雨
2026-06-26 04:15:25,1535M,0126,1,17,0,大雨
2026-06-26 04:15:25,1538M,0132,0,38,0,大雨
2026-06-26 04:15:25,514M,0132,0,60,0,大雨
2026-06-26 04:15:25,516M,0135,0,41,0,大雨
2026-06-26 04:15:25,316M,0111,0,61,0,大雨
2026-06-26 04:15:25,1534M,0114,0,30,0,大雨
2026-06-26 04:15:25,1539M,0116,1,6,0,大雨
2026-06-26 04:15:25,320M,0117,0,11,0,大雨
2026-06-26 04:20:20,2638M,0118,0,1,0,大雨
2026-06-26 04:20:20,1536M,0119,0,39,0,大雨
2026-06-26 04:20:20,318M,0122,0,61,0,大雨
2026-06-26 04:20:20,1540M,0122,0,0,0,大雨
2026-06-26 04:20:20,1535M,0127,1,17,0,大雨
2026-06-26 04:20:20,1538M,0132,0,38,0,大雨
2026-06-26 04:20:20,514M,0132,0,60,0,大雨
2026-06-26 04:20:20,516M,0135,0,41,0,大雨
2026-06-26 04:20:20,316M,0111,0,61,0,大雨
2026-06-26 04:20:20,1534M,0114,0,30,0,大雨
2026-06-26 04:20:20,320M,0116,0,11,0,大雨
2026-06-26 04:20:20,1539M,0117,1,6,0,大雨
2026-06-26 04:25:17,1536M,0117,0,39,0,大雨
2026-06-26 04:25:17,5617M,0118,1,61,0,大雨
2026-06-26 04:25:17,2638M,0118,0,1,0,大雨
2026-06-26 04:25:17,1539M,0118,1,6,0,大雨
2026-06-26 04:25:17,318M,0119,0,61,0,大雨
2026-06-26 04:25:17,1540M,0122,0,0,0,大雨
2026-06-26 04:25:17,2788M,0123,0,2,0,大雨
2026-06-26 04:25:17,1535M,0129,1,18,0,大雨
2026-06-26 04:25:17,1538M,0129,0,48,0,大雨
2026-06-26 04:25:17,514M,0132,0,60,0,大雨
2026-06-26 04:25:17,516M,0134,0,51,0,大雨
2026-06-26 04:25:17,316M,0111,0,61,0,大雨
2026-06-26 04:25:17,1534M,0447,0,30,0,大雨
2026-06-26 04:25:17,320M,0114,0,11,0,大雨
2026-06-26 23:35:17,1517M,0113,1,0,0,大雨
2026-06-26 23:35:17,1510M,0113,0,0,0,大雨
2026-06-26 23:35:17,310M,0115,0,0,0,大雨
2026-06-26 23:35:17,410M,0106,0,0,0,大雨
2026-06-26 23:35:17,1512M,0119,0,0,0,大雨
2026-06-26 23:35:17,309M,0119,1,0,0,大雨
2026-06-26 23:35:17,617M,0119,1,25,0,大雨
2026-06-26 23:35:17,763M,0122,1,0,0,大雨
2026-06-26 23:35:17,1511M,0124,1,0,0,大雨
2026-06-26 23:35:17,312M,0125,0,0,0,大雨
2026-06-26 23:35:17,307M,0129,1,0,0,大雨
2026-06-26 23:35:17,613M,0134,1,1,0,大雨
2026-06-26 23:35:17,1518M,0137,0,0,0,大雨
2026-06-26 23:35:17,1516M,0137,0,0,0,大雨
2026-06-26 23:40:20,410M,0106,0,0,0,大雨
2026-06-26 23:40:20,1510M,0112,0,0,0,大雨
2026-06-26 23:40:20,1517M,0447,1,0,0,大雨
2026-06-26 23:40:20,311M,0116,1,2,0,大雨
2026-06-26 23:40:20,1512M,0118,0,0,0,大雨
2026-06-26 23:40:20,309M,0122,1,0,0,大雨
2026-06-26 23:40:20,617M,0122,1,24,0,大雨
2026-06-26 23:40:20,763M,0122,1,0,0,大雨
2026-06-26 23:40:20,312M,0124,0,0,0,大雨
2026-06-26 23:40:20,1511M,0126,1,0,0,大雨
2026-06-26 23:40:20,307M,0131,1,0,0,大雨
2026-06-26 23:40:20,613M,0135,1,1,0,大雨
2026-06-26 23:40:20,1518M,0137,0,0,0,大雨
2026-06-26 23:40:20,1516M,0137,0,0,0,大雨
2026-06-26 23:45:20,1519M,0111,1,0,0,大雨
2026-06-26 23:45:20,1517M,0114,1,0,0,大雨
2026-06-26 23:45:20,311M,0117,1,2,0,大雨
2026-06-26 23:45:20,1512M,0117,0,0,0,大雨
2026-06-26 23:45:20,410M,0106,0,0,0,大雨
2026-06-26 23:45:20,309M,0122,1,0,0,大雨
2026-06-26 23:45:20,617M,0122,1,24,0,大雨
2026-06-26 23:45:20,763M,0123,1,0,0,大雨
2026-06-26 23:45:20,312M,0123,0,0,0,大雨
2026-06-26 23:45:20,756M,0123,0,0,0,大雨
2026-06-26 23:45:20,1511M,0126,1,0,0,大雨
2026-06-26 23:45:20,307M,0133,1,0,0,大雨
2026-06-26 23:45:20,613M,0136,1,2,0,大雨
2026-06-26 23:45:20,1518M,0136,0,1,0,大雨
2026-06-26 23:45:20,1516M,0137,0,0,0,大雨
2026-06-26 23:50:20,1519M,0111,1,0,0,大雨
2026-06-26 23:50:20,1517M,0114,1,0,0,大雨
2026-06-26 23:50:20,1512M,0116,0,0,0,大雨
2026-06-26 23:50:20,407M,0106,1,0,0,大雨
2026-06-26 23:50:20,410M,0106,0,0,0,大雨
2026-06-26 23:50:20,311M,0118,1,1,0,大雨
2026-06-26 23:50:20,312M,0119,0,0,0,大雨
2026-06-26 23:50:20,756M,0122,0,0,0,大雨
2026-06-26 23:50:20,309M,0124,1,0,0,大雨
2026-06-26 23:50:20,763M,0124,1,0,0,大雨
2026-06-26 23:50:20,1511M,0128,1,0,0,大雨
2026-06-26 23:50:20,307M,0134,1,0,0,大雨
2026-06-26 23:50:20,1518M,0134,0,0,0,大雨
2026-06-26 23:50:20,613M,0137,1,3,0,大雨
2026-06-26 23:50:20,314M,0137,0,0,0,大雨
2026-06-26 23:50:20,1516M,0137,0,0,0,大雨
2026-06-26 23:55:16,1519M,0111,1,0,0,大雨
2026-06-26 23:55:16,1512M,0114,0,0,0,大雨
2026-06-26 23:55:16,1517M,0116,1,0,0,大雨
2026-06-26 23:55:16,410M,0106,0,0,0,大雨
2026-06-26 23:55:16,312M,0119,0,0,0,大雨
2026-06-26 23:55:16,311M,0119,1,1,0,大雨
2026-06-26 23:55:16,765M,0122,1,0,0,大雨
2026-06-26 23:55:16,309M,0126,1,0,0,大雨
2026-06-26 23:55:16,1511M,0129,1,0,0,大雨
2026-06-26 23:55:16,1518M,0133,0,0,0,大雨
2026-06-26 23:55:16,307M,0135,1,0,0,大雨
2026-06-26 23:55:16,1516M,0136,0,25,0,大雨
2026-06-26 23:55:16,613M,0137,1,3,0,大雨
2026-06-26 23:55:16,314M,0137,0,0,0,大雨
2026-06-27 00:10:22,1512M,0113,0,0,0,大雨
2026-06-27 00:10:22,1519M,0114,1,0,0,大雨
2026-06-27 00:10:22,313M,0115,1,0,0,大雨
2026-06-27 00:10:22,1514M,0119,0,0,0,大雨
2026-06-27 00:10:22,621M,0119,1,32,0,大雨
2026-06-27 00:10:22,1517M,0119,1,0,0,大雨
2026-06-27 00:10:22,760M,0122,0,0,0,大雨
2026-06-27 00:10:22,2626M,0122,0,0,0,大雨
2026-06-27 00:10:22,765M,0124,1,0,0,大雨
2026-06-27 00:10:22,311M,0126,1,0,0,大雨
2026-06-27 00:10:22,309M,0129,1,0,0,大雨
2026-06-27 00:10:22,1518M,0129,0,0,0,大雨
2026-06-27 00:10:22,1516M,0132,0,26,0,大雨
2026-06-27 00:10:22,314M,0133,0,0,0,大雨
2026-06-27 00:10:22,1511M,0134,1,0,0,大雨
2026-06-27 00:10:22,5300H,0136,0,0,0,大雨
2026-06-27 00:10:22,1520M,0137,0,0,0,大雨
2026-06-27 00:15:18,1512M,0112,0,0,0,大雨
2026-06-27 00:15:18,1519M,0114,1,0,0,大雨
2026-06-27 00:15:18,313M,0116,1,6,0,大雨
2026-06-27 00:15:18,412M,0106,0,0,0,大雨
2026-06-27 00:15:18,1514M,0117,0,0,0,大雨
2026-06-27 00:15:18,2626M,0119,0,0,0,大雨
2026-06-27 00:15:18,621M,0119,1,32,0,大雨
2026-06-27 00:15:18,1517M,0122,1,0,0,大雨
2026-06-27 00:15:18,760M,0122,0,0,0,大雨
2026-06-27 00:15:18,311M,0127,1,0,0,大雨
2026-06-27 00:15:18,1518M,0127,0,0,0,大雨
2026-06-27 00:15:18,1516M,0129,0,25,0,大雨
2026-06-27 00:15:18,309M,0132,1,0,0,大雨
2026-06-27 00:15:18,314M,0132,0,0,0,大雨
2026-06-27 00:15:18,5300H,0135,0,0,0,大雨
2026-06-27 00:15:18,1511M,0136,1,0,0,大雨
2026-06-27 00:15:18,1520M,0136,0,0,0,大雨
2026-06-27 00:20:18,412M,0106,0,0,0,大雨
2026-06-27 00:20:18,313M,0117,1,7,0,大雨
2026-06-27 00:20:18,2913M,0118,1,22,0,大雨
2026-06-27 00:20:18,2626M,0118,0,0,0,大雨
2026-06-27 00:20:18,621M,0122,1,31,0,大雨
2026-06-27 00:20:18,764M,0123,0,0,0,大雨
2026-06-27 00:20:18,1517M,0124,1,0,0,大雨
2026-06-27 00:20:18,1518M,0126,0,0,0,大雨
2026-06-27 00:20:18,311M,0129,1,0,0,大雨
2026-06-27 00:20:18,1516M,0129,0,25,0,大雨
2026-06-27 00:20:18,314M,0131,0,0,0,大雨
2026-06-27 00:20:18,309M,0133,1,0,0,大雨
2026-06-27 00:20:18,5300H,0133,0,0,0,大雨
2026-06-27 00:20:18,1520M,0134,0,0,0,大雨
2026-06-27 00:20:18,1511M,0137,1,0,0,大雨
2026-06-27 00:20:18,1522M,0137,0,0,0,大雨
2026-06-27 00:20:18,1521M,0111,1,0,0,大雨
2026-06-27 00:20:18,1519M,0115,1,0,0,大雨
2026-06-27 00:20:18,1514M,0116,0,0,0,大雨
2026-06-27 00:25:15,412M,0106,0,0,0,大雨
2026-06-27 00:25:15,1521M,0111,1,0,0,大雨
2026-06-27 00:25:15,1514M,0114,0,0,0,大雨
2026-06-27 00:25:15,1519M,0116,1,0,0,大雨
2026-06-27 00:25:15,2913M,0118,1,25,0,大雨
2026-06-27 00:25:15,313M,0119,1,6,0,大雨
2026-06-27 00:25:15,621M,0122,1,31,0,大雨
2026-06-27 00:25:15,2767M,0122,1,0,0,大雨
2026-06-27 00:25:15,1518M,0125,0,1,0,大雨
2026-06-27 00:25:15,1517M,0126,1,0,0,大雨
2026-06-27 00:25:15,1516M,0127,0,25,0,大雨
2026-06-27 00:25:15,311M,0129,1,0,0,大雨
2026-06-27 00:25:15,314M,0129,0,0,0,大雨
2026-06-27 00:25:15,5300H,0132,0,0,0,大雨
2026-06-27 00:25:15,1520M,0133,0,0,0,大雨
2026-06-27 00:25:15,309M,0134,1,0,0,大雨
2026-06-27 00:25:15,1511M,0137,1,0,0,大雨
2026-06-27 00:25:15,1522M,0137,0,0,0,大雨
2026-06-27 00:30:24,412M,0106,0,0,0,大雨
2026-06-27 00:30:24,1521M,0111,1,0,0,大雨
2026-06-27 00:30:24,1514M,0114,0,0,0,大雨
2026-06-27 00:30:24,1519M,0118,1,0,0,大雨
2026-06-27 00:30:24,4605H,0119,1,17,0,大雨
2026-06-27 00:30:24,2913M,0119,1,25,0,大雨
2026-06-27 00:30:24,313M,0122,1,6,0,大雨
2026-06-27 00:30:24,2767M,0123,1,0,0,大雨
2026-06-27 00:30:24,1518M,0123,0,0,0,大雨
2026-06-27 00:30:24,1517M,0126,1,0,0,大雨
2026-06-27 00:30:24,1516M,0126,0,25,0,大雨
2026-06-27 00:30:24,314M,0127,0,0,0,大雨
2026-06-27 00:30:24,5300H,0129,0,0,0,大雨
2026-06-27 00:30:24,311M,0132,1,0,0,大雨
2026-06-27 00:30:24,1520M,0132,0,0,0,大雨
2026-06-27 00:30:24,309M,0136,1,0,0,大雨
2026-06-27 00:30:24,1522M,0136,0,0,0,大雨
